#Release 9.2i - par J.36
#Copyright (c) 1995-2007 Xilinx, Inc.  All rights reserved.

#Fri Sep 26 15:42:24 2014

#
## NOTE: This file is designed to be imported into a spreadsheet program
# such as Microsoft Excel for viewing, printing and sorting. The |
# character is used as the data field separator. This file is also designed
# to support parsing.
#
#INPUT FILE:       smc_fpga_map.ncd
#OUTPUT FILE:      C:/agonzalez/SMC-FPGA2/mppr_result.dir/H_H_7_pad.csv
#PART TYPE:        xc3s50an
#SPEED GRADE:      -4
#PACKAGE:          tqg144
#
# Pinout by Pin Number:
# 
# -----,-----,-----,-----,-----,-----,-----,-----,-----,-----,-----,-----,-----,-----,-----,-----,
Pin Number,Signal Name,Pin Usage,Pin Name,Direction,IO Standard,IO Bank Number,Drive (mA),Slew Rate,Termination,IOB Delay,Voltage,Constraint,DCI Value,IO Register,Signal Integrity,
P1,,,TMS,,,,,,,,,,,,,
P2,,,TDI,,,,,,,,,,,,,
P3,,DIFFMLR,IO_L02P_3,UNUSED,,3,,,,,,,,,,
P4,OC_48v_on,IOB,IO_L01P_3,OUTPUT,LVTTL,3,16,SLOW,NONE**,,,LOCATED,,NO,NONE,
P5,OC_B_CNTRL_BC_48VDC,IOB,IO_L02N_3,OUTPUT,LVTTL,3,16,SLOW,NONE**,,,LOCATED,,NO,NONE,
P6,OC_SMC_CNTRL_JAG_48VDC_ON,IOB,IO_L01N_3,OUTPUT,LVTTL,3,16,SLOW,NONE**,,,LOCATED,,NO,NONE,
P7,OC_k1_on,IOB,IO_L03P_3,OUTPUT,LVTTL,3,16,SLOW,NONE**,,,LOCATED,,NO,NONE,
P8,OC_B_SMC_CNTRL_BC_SWITCHED_AC,IOB,IO_L03N_3,TRISTATE,LVCMOS33,3,16,SLOW,NONE**,,,LOCATED,,NO,NONE,
P9,,,GND,,,,,,,,,,,,,
P10,OC_SMC_CNTRL_JAG_SWITCHED_AC,IOB,IO_L04P_3,OUTPUT,LVTTL,3,24,SLOW,NONE**,,,LOCATED,,NO,NONE,
P11,,DIFFSLR,IO_L04N_3/VREF_3,UNUSED,,3,,,,,,,,,,
P12,,DIFFMLR,IO_L05P_3/LHCLK0,UNUSED,,3,,,,,,,,,,
P13,,DIFFSLR,IO_L05N_3/LHCLK1,UNUSED,,3,,,,,,,,,,
P14,,,VCCO_3,,,3,,,,,3.30,,,,,
P15,IN_rd,IBUF,IO_L06P_3/LHCLK2,INPUT,LVCMOS33,3,,,,IBUF,,LOCATED,,NO,NONE,
P16,IN_wr,IBUF,IO_L06N_3/IRDY2/LHCLK3,INPUT,LVCMOS33,3,,,,IBUF,,LOCATED,,NO,NONE,
P17,,,GND,,,,,,,,,,,,,
P18,I_reset_N,IBUF,IO_L07P_3/LHCLK4,INPUT,LVCMOS33,3,,,,IBUF,,LOCATED,,NO,NONE,
P19,I_SMC_MON_DC90_AC_PWR_FAULT,IBUF,IO_L08P_3/TRDY2/LHCLK6,INPUT,LVCMOS33,3,,,,IBUF,,LOCATED,,NO,NONE,
P20,I_maint_mon,IBUF,IO_L07N_3/LHCLK5,INPUT,LVCMOS33,3,,,,IFD,,LOCATED,,YES,NONE,
P21,I_SMC_MON_DC90_48V_ON,IBUF,IO_L08N_3/LHCLK7,INPUT,LVCMOS33,3,,,,IBUF,,LOCATED,,NO,NONE,
P22,,,VCCINT,,,,,,,,1.2,,,,,
P23,,,VCCO_3,,,3,,,,,3.30,,,,,
P24,I_SMC_MON_DC90_OVR_TMP,IBUF,IO_L09P_3,INPUT,LVCMOS33,3,,,,IBUF,,LOCATED,,NO,NONE,
P25,I_SMC_MON_DC90_OUTPUT_FAULT,IBUF,IO_L09N_3,INPUT,LVCMOS33,3,,,,IBUF,,LOCATED,,NO,NONE,
P26,,,GND,,,,,,,,,,,,,
P27,I_SMC_MON_BC_OUTPUT_FAULT,IBUF,IO_L10P_3,INPUT,LVCMOS33,3,,,,IBUF,,LOCATED,,NO,NONE,
P28,I_SMC_MON_BC_AC_ON,IBUF,IO_L11P_3,INPUT,LVCMOS33,3,,,,IBUF,,LOCATED,,NO,NONE,
P29,IN_psen,IBUF,IO_L10N_3,INPUT,LVCMOS33,3,,,,IBUF,,LOCATED,,NO,NONE,
P30,I_SMC_MON_BC_FAN0_TACH,IBUF,IO_L11N_3,INPUT,LVTTL,3,,,PULLUP,BOTH,,LOCATED,,YES,NONE,
P31,I_SMC_MON_BC_FAN1_TACH,IBUF,IO_L12P_3,INPUT,LVTTL,3,,,PULLUP,BOTH,,LOCATED,,YES,NONE,
P32,I_SMC_MON_BC_FAN0_STATE,IBUF,IO_L12N_3,INPUT,LVTTL,3,,,PULLUP,IBUF,,LOCATED,,NO,NONE,
P33,I_SMC_MON_BC_FAN1_STATE,IBUF,IP_L13P_3,INPUT,LVTTL,3,,,PULLUP,IBUF,,LOCATED,,NO,NONE,
P34,,,GND,,,,,,,,,,,,,
P35,,DIFFSI_NDT,IP_L13N_3/VREF_3,UNUSED,,3,,,,,,,,,,
P36,,,VCCAUX,,,,,,,,2.5,,,,,
P37,,DIFFMTB,IO_L01P_2/M1,UNUSED,,2,,,,,,,,,,
P38,,DIFFSTB,IO_L01N_2/M0,UNUSED,,2,,,,,,,,,,
P39,,DIFFMTB,IO_L02P_2/M2,UNUSED,,2,,,,,,,,,,
P40,,,VCCO_2,,,2,,,,,3.30,,,,,
P41,BI_port0<0>,IOB,IO_L02N_2/CSO_B,BIDIR,LVCMOS33,2,16,SLOW,NONE**,BOTH,,LOCATED,,YES,NONE,
P42,BI_port0<1>,IOB,IO_L03P_2/RDWR_B,BIDIR,LVCMOS33,2,16,SLOW,NONE**,BOTH,,LOCATED,,YES,NONE,
P43,BI_port0<2>,IOB,IO_L04P_2/VS2,BIDIR,LVCMOS33,2,16,SLOW,NONE**,BOTH,,LOCATED,,YES,NONE,
P44,BI_port0<3>,IOB,IO_L03N_2/VS1,BIDIR,LVCMOS33,2,16,SLOW,NONE**,BOTH,,LOCATED,,YES,NONE,
P45,BI_port0<4>,IOB,IO_L04N_2/VS0,BIDIR,LVCMOS33,2,16,SLOW,NONE**,IFD,,LOCATED,,YES,NONE,
P46,BI_port0<5>,IOB,IO_L05P_2,BIDIR,LVCMOS33,2,16,SLOW,NONE**,IFD,,LOCATED,,YES,NONE,
P47,BI_port0<6>,IOB,IO_L06P_2,BIDIR,LVCMOS33,2,16,SLOW,NONE**,IFD,,LOCATED,,YES,NONE,
P48,BI_port0<7>,IOB,IO_L05N_2/D7,BIDIR,LVCMOS33,2,16,SLOW,NONE**,IFD,,LOCATED,,YES,NONE,
P49,I_port2<0>,IBUF,IO_L06N_2/D6,INPUT,LVCMOS33,2,,,,IFD,,LOCATED,,YES,NONE,
P50,I_port2<1>,IBUF,IO_L07P_2/D5,INPUT,LVCMOS33,2,,,,IFD,,LOCATED,,YES,NONE,
P51,I_port2<2>,IBUF,IO_L07N_2/D4,INPUT,LVCMOS33,2,,,,IFD,,LOCATED,,YES,NONE,
P52,,,VCCINT,,,,,,,,1.2,,,,,
P53,I_port2<3>,IBUF,IP_2/VREF_2,INPUT,LVCMOS33,2,,,,IFD,,LOCATED,,YES,NONE,
P54,I_clk,IBUF,IO_L08P_2/GCLK14,INPUT,LVCMOS33,2,,,,IBUF,,LOCATED,,NO,NONE,
P55,I_port2<4>,IBUF,IO_L08N_2/GCLK15,INPUT,LVCMOS33,2,,,,IFD,,LOCATED,,YES,NONE,
P56,,,GND,,,,,,,,,,,,,
P57,I_port2<5>,IBUF,IO_L09P_2/GCLK0,INPUT,LVCMOS33,2,,,,IFD,,LOCATED,,YES,NONE,
P58,I_port2<6>,IBUF,IO_L10P_2/GCLK2,INPUT,LVCMOS33,2,,,,IFD,,LOCATED,,YES,NONE,
P59,I_port2<7>,IBUF,IO_L09N_2/GCLK1,INPUT,LVCMOS33,2,,,,IFD,,LOCATED,,YES,NONE,
P60,,DIFFSTB,IO_L10N_2/GCLK3,UNUSED,,2,,,,,,,,,,
P61,,,VCCO_2,,,2,,,,,3.30,,,,,
P62,,DIFFMTB,IO_2/MOSI/CSI_B,UNUSED,,2,,,,,,,,,,
P63,,DIFFMTB,IO_L11P_2/AWAKE,UNUSED,,2,,,,,,,,,,
P64,,DIFFSTB,IO_L11N_2/DOUT,UNUSED,,2,,,,,,,,,,
P65,,,GND,,,,,,,,,,,,,
P66,,,VCCAUX,,,,,,,,2.5,,,,,
P67,,DIFFMTB,IO_L12P_2/INIT_B,UNUSED,,2,,,,,,,,,,
P68,I_TSP_OFF_N,IBUF,IO_L12N_2/D3,INPUT,LVCMOS33,2,,,,IBUF,,LOCATED,,NO,NONE,
P69,O_TSP_ON_REQUEST_N,IOB,IO_L13P_2/D2,TRISTATE,LVCMOS33,2,16,SLOW,NONE**,,,LOCATED,,NO,NONE,
P70,,DIFFMTB,IO_L14P_2/D1,UNUSED,,2,,,,,,,,,,
P71,,DIFFSTB,IO_L13N_2/D0/DIN/MISO,UNUSED,,2,,,,,,,,,,
P72,,DIFFSTB,IO_L14N_2/CCLK,UNUSED,,2,,,,,,,,,,
P73,,,DONE,,,,,,,,,,,,,
P74,,,SUSPEND,,,,,,,,,,,,,
P75,,DIFFMLR,IO_L02P_1/LDC1,UNUSED,,1,,,,,,,,,,
P76,,DIFFMLR,IO_L01P_1/HDC,UNUSED,,1,,,,,,,,,,
P77,,DIFFSLR,IO_L02N_1/LDC0,UNUSED,,1,,,,,,,,,,
P78,,DIFFSLR,IO_L01N_1/LDC2,UNUSED,,1,,,,,,,,,,
P79,,DIFFMLR,IO_1,UNUSED,,1,,,,,,,,,,
P80,,DIFFSI_NDT,IP_1/VREF_1,UNUSED,,1,,,,,,,,,,
P81,,,GND,,,,,,,,,,,,,
P82,I_main_blower_mon,IBUF,IO_L03P_1,INPUT,LVCMOS33,1,,,,IFD,,LOCATED,,YES,NONE,
P83,I_monitors<0>,IBUF,IO_L04P_1/RHCLK0,INPUT,LVCMOS33,1,,,,IBUF,,LOCATED,,NO,NONE,
P84,I_monitors<4>,IBUF,IO_L03N_1,INPUT,LVCMOS33,1,,,,IBUF,,LOCATED,,NO,NONE,
P85,I_monitors<10>,IBUF,IO_L04N_1/RHCLK1,INPUT,LVCMOS33,1,,,,IBUF,,LOCATED,,NO,NONE,
P86,,,VCCO_1,,,1,,,,,3.30,,,,,
P87,I_monitors<11>,IBUF,IO_L05P_1/RHCLK2,INPUT,LVCMOS33,1,,,,IBUF,,LOCATED,,NO,NONE,
P88,I_monitors<12>,IBUF,IO_L05N_1/TRDY1/RHCLK3,INPUT,LVCMOS33,1,,,,IBUF,,LOCATED,,NO,NONE,
P89,,,GND,,,,,,,,,,,,,
P90,,DIFFMLR,IO_L06P_1/RHCLK4,UNUSED,,1,,,,,,,,,,
P91,,DIFFMLR,IO_L07P_1/IRDY1/RHCLK6,UNUSED,,1,,,,,,,,,,
P92,,DIFFSLR,IO_L06N_1/RHCLK5,UNUSED,,1,,,,,,,,,,
P93,,DIFFSLR,IO_L07N_1/RHCLK7,UNUSED,,1,,,,,,,,,,
P94,,,VCCINT,,,,,,,,1.2,,,,,
P95,,,VCCO_1,,,1,,,,,3.30,,,,,
P96,,DIFFMLR,IO_L08P_1,UNUSED,,1,,,,,,,,,,
P97,I_SMC_READY_N,IBUF,IP_1/VREF_1,INPUT,LVCMOS33,1,,,,IBUF,,LOCATED,,NO,NONE,
P98,O_TH_LONBUS_DATA_OUT,IOBLR,IO_L08N_1,OUTPUT,LVCMOS33,1,24,,NONE**,,,LOCATED,,NO,NONE,
P99,O_TH_LONBUS_DATA_CNTL,IOBLR,IO_L09P_1,OUTPUT,LVCMOS33,1,24,,PULLDOWN,,,LOCATED,,NO,NONE,
P100,,,GND,,,,,,,,,,,,,
P101,I_TH_LONBUS_DATA_IN,IBUF,IO_L09N_1,INPUT,LVCMOS33,1,,,PULLUP,IBUF,,LOCATED,,NO,NONE,
P102,O_EX_LONBUS_CNTL,IOBLR,IO_L10P_1,OUTPUT,LVCMOS33,1,24,,PULLDOWN,,,LOCATED,,NO,NONE,
P103,BI_EX_LONBUS_DATA,IBUF,IO_L11P_1,INPUT,LVCMOS33,1,,,PULLUP,IBUF,,LOCATED,,NO,NONE,
P104,O_EX_TRANS_DIR,IOBLR,IO_L10N_1,OUTPUT,LVCMOS33,1,24,,PULLDOWN,,,LOCATED,,NO,NONE,
P105,BI_SC_LONBUS_DATA,IBUF,IO_L11N_1,INPUT,LVCMOS33,1,,,PULLUP,IBUF,,LOCATED,,NO,NONE,
P106,,,GND,,,,,,,,,,,,,
P107,,,TDO,,,,,,,,,,,,,
P108,,,VCCAUX,,,,,,,,2.5,,,,,
P109,,,TCK,,,,,,,,,,,,,
P110,,DIFFMTB,IO_L01P_0,UNUSED,,0,,,,,,,,,,
P111,,DIFFSTB,IO_L01N_0,UNUSED,,0,,,,,,,,,,
P112,,DIFFMTB,IO_L02P_0/VREF_0,UNUSED,,0,,,,,,,,,,
P113,I_SMC_MON_PDU_JAG_THERMAL_FAULT,IBUF,IO_L02N_0,INPUT,LVCMOS33,0,,,,IBUF,,LOCATED,,NO,NONE,
P114,I_I1_mon,IBUF,IO_L04P_0,INPUT,LVCMOS33,0,,,,IFD,,LOCATED,,YES,NONE,
P115,OC_B_CNTRL_BC_48VDC_DC90,IOB,IO_L03P_0,OUTPUT,LVTTL,0,24,SLOW,NONE**,,,LOCATED,,NO,NONE,
P116,I_SMC_MON_BC_OVR_TMP,IBUF,IO_L04N_0,INPUT,LVCMOS33,0,,,,IBUF,,LOCATED,,NO,NONE,
P117,I_V0_mon,IBUF,IO_L03N_0,INPUT,LVCMOS33,0,,,,IFD,,LOCATED,,YES,NONE,
P118,,,GND,,,,,,,,,,,,,
P119,,,VCCO_0,,,0,,,,,3.30,,,,,
P120,I_SMC_MON_PDU_JAG_48V_GOOD,IBUF,IO_L05P_0,INPUT,LVCMOS33,0,,,,IBUF,,LOCATED,,NO,NONE,
P121,I_SMC_MON_BC_AC_PWR_FAULT,IBUF,IO_L05N_0,INPUT,LVCMOS33,0,,,,IBUF,,LOCATED,,NO,NONE,
P122,,,VCCINT,,,,,,,,1.2,,,,,
P123,I_SMC_MON_BC_PHASE_LOSS,IBUF,IP_0/VREF_0,INPUT,LVCMOS33,0,,,,IBUF,,LOCATED,,NO,NONE,
P124,I_I2_mon,IBUF,IO_L06P_0/GCLK4,INPUT,LVCMOS33,0,,,,IFD,,LOCATED,,YES,NONE,
P125,I_TSP_ON_N,IBUF,IO_L07P_0/GCLK6,INPUT,LVCMOS33,0,,,,IBUF,,LOCATED,,NO,NONE,
P126,,DIFFSTB,IO_L06N_0/GCLK5,UNUSED,,0,,,,,,,,,,
P127,I_SMC_EN_TSP_ON_N,IBUF,IO_L07N_0/GCLK7,INPUT,LVCMOS33,0,,,,IBUF,,LOCATED,,NO,NONE,
P128,,,GND,,,,,,,,,,,,,
P129,I_ale,IBUF,IO_L08P_0/GCLK8,INPUT,LVCMOS33,0,,,,IBUF,,LOCATED,,NO,NONE,
P130,I_monitors<8>,IBUF,IO_L09P_0/GCLK10,INPUT,LVCMOS33,0,,,,IBUF,,LOCATED,,NO,NONE,
P131,I_monitors<2>,IBUF,IO_L08N_0/GCLK9,INPUT,LVCMOS33,0,,,,IBUF,,LOCATED,,NO,NONE,
P132,I_monitors<1>,IBUF,IO_L09N_0/GCLK11,INPUT,LVCMOS33,0,,,,IBUF,,LOCATED,,NO,NONE,
P133,,,VCCAUX,,,,,,,,2.5,,,,,
P134,I_monitors<9>,IBUF,IO_L10P_0,INPUT,LVCMOS33,0,,,,IBUF,,LOCATED,,NO,NONE,
P135,I_monitors<5>,IBUF,IO_L10N_0,INPUT,LVCMOS33,0,,,,IBUF,,LOCATED,,NO,NONE,
P136,,,VCCO_0,,,0,,,,,3.30,,,,,
P137,,,GND,,,,,,,,,,,,,
P138,I_monitors<7>,IBUF,IO_L11P_0,INPUT,LVCMOS33,0,,,,IBUF,,LOCATED,,NO,NONE,
P139,I_monitors<6>,IBUF,IO_L11N_0,INPUT,LVCMOS33,0,,,,IBUF,,LOCATED,,NO,NONE,
P140,I_monitors<3>,IBUF,IP_0,INPUT,LVCMOS33,0,,,,IBUF,,LOCATED,,NO,NONE,
P141,,DIFFMTB,IO_L12P_0/VREF_0,UNUSED,,0,,,,,,,,,,
P142,O_LED_CATHODE,IOB,IO_0,TRISTATE,LVTTL,0,24,SLOW,NONE**,,,LOCATED,,NO,NONE,
P143,,DIFFSTB,IO_L12N_0/PUDC_B,UNUSED,,0,,,,,,,,,,
P144,,,PROG_B,,,,,,,,,,,,,

# -----,-----,-----,-----,-----,-----,-----,-----,-----,-----,-----,-----,-----,-----,-----,-----,
# 
#* Default value.
#** This default Pullup/Pulldown value can be overridden in Bitgen. 
#****** Special VCCO requirements may apply. Please consult the device 
#       family datasheet for specific guideline on VCCO requirements. 
#
#
#