<?xml version="1.0"?>
<!-- Generated by Xilinx Xpower in writeXMLreport-->
<!DOCTYPE Power_Manager PUBLIC "-//XILINX// DTD $XILINX/data/xml/Power/Power_Manager.dtd//EN" "">
<Power_Manager version="1.0" date="Fri Apr 04 19:00:22 2008
" creator="XPower">
<Power_Head design="smc_fpga.ncd" device="3s50antqg144-4" constraints="smc_fpga.pcf" settings="smc_fpga_xpwr.xml">
  <Power_Environment voltage="1.20" ambient="25.0C" airflow="0LFM" thetaja="0C/W" battery="0mAh" parttype="commercial" glue="0C/W" heatsink="0C/W">
    <Power_Voltage source="Vccint" voltage="1.20" quiescent="0.000000" startup="0.00"/>
    <Power_Voltage source="Vccaux" voltage="3.30" quiescent="18.000000" startup="0.00"/>
  </Power_Environment>
  <!-- Set the globals and defaults -->
  <Power_Defaults>
    <Power_Activity rate="0.0%"/>
    <Power_Activity freq="0.00Mhz"/>
    <Power_Load cap="0fF"/>
    <Power_Probability fftoggle="0.125000" iotoggle="0.200000" ioenable="1.000000" bramenable="1.000000" bramwrite="0.500000" dsptoggle="0.125000"/>
  </Power_Defaults>
</Power_Head>
<Power_Body>
  <!-- Clocks -->
 <Power_Net name="BC_TACH0_CTR_HI_rstb">
  <Power_Activity freq="0.000000Mhz" />
 </Power_Net>
 <Power_Net name="BC_TACH1_CTR_HI_rstb">
  <Power_Activity freq="0.000000Mhz" />
 </Power_Net>
 <Power_Net name="B_CNTRL_BC_48VDC_DC90_wstb">
  <Power_Activity freq="0.000000Mhz" />
 </Power_Net>
 <Power_Net name="B_CNTRL_BC_48VDC_wstb">
  <Power_Activity freq="0.000000Mhz" />
 </Power_Net>
 <Power_Net name="B_SMC_CNTRL_BC_SWITCHED_AC_wstb">
  <Power_Activity freq="0.000000Mhz" />
 </Power_Net>
 <Power_Net name="GEN_FREQ_CTR_HI_rstb">
  <Power_Activity freq="0.000000Mhz" />
 </Power_Net>
 <Power_Net name="I1_HI_rstb">
  <Power_Activity freq="0.000000Mhz" />
 </Power_Net>
 <Power_Net name="I2_HI_rstb">
  <Power_Activity freq="0.000000Mhz" />
 </Power_Net>
 <Power_Net name="I_ale_BUFGP">
  <Power_Activity freq="0.000000Mhz" />
 </Power_Net>
 <Power_Net name="I_ale_BUFGP/IBUFG">
  <Power_Activity freq="0.000000Mhz" />
 </Power_Net>
 <Power_Net name="I_clk_BUFGP">
  <Power_Activity freq="0.000000Mhz" />
 </Power_Net>
 <Power_Net name="I_clk_BUFGP/IBUFG">
  <Power_Activity freq="0.000000Mhz" />
 </Power_Net>
 <Power_Net name="K1_ON_wstb">
  <Power_Activity freq="0.000000Mhz" />
 </Power_Net>
 <Power_Net name="MAIN_BLOWER_HI_rstb">
  <Power_Activity freq="0.000000Mhz" />
 </Power_Net>
 <Power_Net name="SMC_CNTRL_JAG_48VDC_ON_wstb">
  <Power_Activity freq="0.000000Mhz" />
 </Power_Net>
 <Power_Net name="SMC_CNTRL_JAG_SWITCHED_AC_wstb">
  <Power_Activity freq="0.000000Mhz" />
 </Power_Net>
 <Power_Net name="V0_HI_rstb">
  <Power_Activity freq="0.000000Mhz" />
 </Power_Net>
 <Power_Net name="V48_ON_wstb">
  <Power_Activity freq="0.000000Mhz" />
 </Power_Net>
 <Power_Net name="gen_freq_sr_not0000">
  <Power_Activity freq="0.000000Mhz" />
 </Power_Net>
 <Power_Net name="i1_sr_not0000">
  <Power_Activity freq="0.000000Mhz" />
 </Power_Net>
 <Power_Net name="i2_sr_not0000">
  <Power_Activity freq="0.000000Mhz" />
 </Power_Net>
 <Power_Net name="idl_regs/AUX_0_CTL_wstb">
  <Power_Activity freq="0.000000Mhz" />
 </Power_Net>
 <Power_Net name="idl_regs/AUX_1_CTL_wstb">
  <Power_Activity freq="0.000000Mhz" />
 </Power_Net>
 <Power_Net name="idl_regs/AUX_2_CTL_wstb">
  <Power_Activity freq="0.000000Mhz" />
 </Power_Net>
 <Power_Net name="idl_regs/AUX_3_CTL_wstb">
  <Power_Activity freq="0.000000Mhz" />
 </Power_Net>
 <Power_Net name="idl_regs/AUX_FAN_CTL_wstb">
  <Power_Activity freq="0.000000Mhz" />
 </Power_Net>
 <Power_Net name="idl_regs/B_DC90_48V_Enable_wstb">
  <Power_Activity freq="0.000000Mhz" />
 </Power_Net>
 <Power_Net name="idl_regs/CLR_CTRS_wstb">
  <Power_Activity freq="0.000000Mhz" />
 </Power_Net>
 <Power_Net name="idl_regs/CTR_CTL_wstb">
  <Power_Activity freq="0.000000Mhz" />
 </Power_Net>
 <Power_Net name="idl_regs/K1_ENABLE_wstb">
  <Power_Activity freq="0.000000Mhz" />
 </Power_Net>
 <Power_Net name="idl_regs/O_GEN_FREQ_CTR_MUX_wstb">
  <Power_Activity freq="0.000000Mhz" />
 </Power_Net>
 <Power_Net name="idl_regs/V48_ENABLE_wstb">
  <Power_Activity freq="0.000000Mhz" />
 </Power_Net>
 <Power_Net name="main_sr_not0000">
  <Power_Activity freq="0.000000Mhz" />
 </Power_Net>
 <Power_Net name="tach0_sr_not0000">
  <Power_Activity freq="0.000000Mhz" />
 </Power_Net>
 <Power_Net name="tach1_sr_not0000">
  <Power_Activity freq="0.000000Mhz" />
 </Power_Net>
 <Power_Net name="v0_sr_not0000">
  <Power_Activity freq="0.000000Mhz" />
 </Power_Net>
  <!-- Nets -->
  <!-- External loads -->
</Power_Body>
</Power_Manager>
