<?xml version="1.0"?>
<!-- Generated by Xilinx Xpower in writeXMLreport-->
<!DOCTYPE Power_Manager PUBLIC "-//XILINX// DTD $XILINX/data/xml/Power/Power_Manager.dtd//EN" "">
<Power_Manager version="1.0" date="Fri Apr 04 18:24:05 2008
" creator="XPower">
<Power_Head design="C:\SMC-FPGA2\smc_fpga.ncd" device="3s50antqg144-4" constraints="C:\SMC-FPGA2\smc_fpga.pcf" settings="C:\SMC-FPGA2\smc_fpga_xpwr_04_04_08.xml" simulation="C:\SMC-FPGA2\xpower.vcd">
  <Power_Environment voltage="1.20" ambient="25.0C" airflow="0LFM" thetaja="0C/W" battery="0mAh" parttype="commercial" glue="0C/W" heatsink="0C/W">
    <Power_Voltage source="Vccint" voltage="1.20" quiescent="59.996094" startup="0.00"/>
    <Power_Voltage source="Vccaux" voltage="3.30" quiescent="18.000000" startup="0.00"/>
  </Power_Environment>
  <!-- Set the globals and defaults -->
  <Power_Defaults>
    <Power_Activity rate="0.0%"/>
    <Power_Activity freq="0.00Mhz"/>
    <Power_Load cap="0fF"/>
    <Power_Probability fftoggle="0.125000" iotoggle="0.200000" ioenable="1.000000" bramenable="1.000000" bramwrite="0.500000" dsptoggle="0.125000"/>
  </Power_Defaults>
</Power_Head>
<Power_Body>
  <!-- Clocks -->
 <Power_Net name="BC_TACH0_CTR_HI_rstb">
  <Power_Activity freq="0.503958Mhz" src="Simulation" duty="0.000%" />
 </Power_Net>
 <Power_Net name="BC_TACH1_CTR_HI_rstb">
  <Power_Activity freq="0.503958Mhz" src="Simulation" duty="0.000%" />
 </Power_Net>
 <Power_Net name="B_CNTRL_BC_48VDC_DC90_wstb">
  <Power_Activity freq="0.503958Mhz" src="Simulation" duty="0.000%" />
 </Power_Net>
 <Power_Net name="B_CNTRL_BC_48VDC_wstb">
  <Power_Activity freq="0.503958Mhz" src="Simulation" duty="0.000%" />
 </Power_Net>
 <Power_Net name="B_SMC_CNTRL_BC_SWITCHED_AC_wstb">
  <Power_Activity freq="0.503958Mhz" src="Simulation" duty="0.000%" />
 </Power_Net>
 <Power_Net name="GEN_FREQ_CTR_HI_rstb">
  <Power_Activity freq="0.503958Mhz" src="Simulation" duty="0.000%" />
 </Power_Net>
 <Power_Net name="I1_HI_rstb">
  <Power_Activity freq="0.503958Mhz" src="Simulation" duty="0.000%" />
 </Power_Net>
 <Power_Net name="I2_HI_rstb">
  <Power_Activity freq="0.503958Mhz" src="Simulation" duty="0.000%" />
 </Power_Net>
 <Power_Net name="I_ale_BUFGP">
  <Power_Activity freq="0.503958Mhz" src="Simulation" duty="0.000%" />
 </Power_Net>
 <Power_Net name="I_ale_BUFGP/IBUFG">
  <Power_Activity freq="0.000000Mhz" />
 </Power_Net>
 <Power_Net name="I_clk_BUFGP">
  <Power_Activity freq="11.591024Mhz" src="Simulation" />
 </Power_Net>
 <Power_Net name="I_clk_BUFGP/IBUFG">
  <Power_Activity freq="0.000000Mhz" />
 </Power_Net>
 <Power_Net name="K1_ON_wstb">
  <Power_Activity freq="0.503958Mhz" src="Simulation" duty="0.000%" />
 </Power_Net>
 <Power_Net name="MAIN_BLOWER_HI_rstb">
  <Power_Activity freq="0.503958Mhz" src="Simulation" duty="0.000%" />
 </Power_Net>
 <Power_Net name="SMC_CNTRL_JAG_48VDC_ON_wstb">
  <Power_Activity freq="0.503958Mhz" src="Simulation" duty="0.000%" />
 </Power_Net>
 <Power_Net name="SMC_CNTRL_JAG_SWITCHED_AC_wstb">
  <Power_Activity freq="0.503958Mhz" src="Simulation" duty="0.000%" />
 </Power_Net>
 <Power_Net name="V0_HI_rstb">
  <Power_Activity freq="0.503958Mhz" src="Simulation" duty="0.000%" />
 </Power_Net>
 <Power_Net name="V48_ON_wstb">
  <Power_Activity freq="0.503958Mhz" src="Simulation" duty="0.000%" />
 </Power_Net>
 <Power_Net name="gen_freq_sr_not0000">
  <Power_Activity freq="0.503958Mhz" src="Simulation" duty="100.000%" />
 </Power_Net>
 <Power_Net name="i1_sr_not0000">
  <Power_Activity freq="0.503958Mhz" src="Simulation" duty="100.000%" />
 </Power_Net>
 <Power_Net name="i2_sr_not0000">
  <Power_Activity freq="0.503958Mhz" src="Simulation" duty="100.000%" />
 </Power_Net>
 <Power_Net name="idl_regs/AUX_0_CTL_wstb">
  <Power_Activity freq="0.000000Mhz" />
 </Power_Net>
 <Power_Net name="idl_regs/AUX_1_CTL_wstb">
  <Power_Activity freq="0.000000Mhz" />
 </Power_Net>
 <Power_Net name="idl_regs/AUX_2_CTL_wstb">
  <Power_Activity freq="0.000000Mhz" />
 </Power_Net>
 <Power_Net name="idl_regs/AUX_3_CTL_wstb">
  <Power_Activity freq="0.000000Mhz" />
 </Power_Net>
 <Power_Net name="idl_regs/AUX_FAN_CTL_wstb">
  <Power_Activity freq="0.000000Mhz" />
 </Power_Net>
 <Power_Net name="idl_regs/B_DC90_48V_Enable_wstb">
  <Power_Activity freq="0.000000Mhz" />
 </Power_Net>
 <Power_Net name="idl_regs/CLR_CTRS_wstb">
  <Power_Activity freq="0.000000Mhz" />
 </Power_Net>
 <Power_Net name="idl_regs/CTR_CTL_wstb">
  <Power_Activity freq="0.000000Mhz" />
 </Power_Net>
 <Power_Net name="idl_regs/K1_ENABLE_wstb">
  <Power_Activity freq="0.000000Mhz" />
 </Power_Net>
 <Power_Net name="idl_regs/O_GEN_FREQ_CTR_MUX_wstb">
  <Power_Activity freq="0.000000Mhz" />
 </Power_Net>
 <Power_Net name="idl_regs/V48_ENABLE_wstb">
  <Power_Activity freq="0.000000Mhz" />
 </Power_Net>
 <Power_Net name="main_sr_not0000">
  <Power_Activity freq="0.503958Mhz" src="Simulation" duty="100.000%" />
 </Power_Net>
 <Power_Net name="tach0_sr_not0000">
  <Power_Activity freq="0.503958Mhz" src="Simulation" duty="100.000%" />
 </Power_Net>
 <Power_Net name="tach1_sr_not0000">
  <Power_Activity freq="0.503958Mhz" src="Simulation" duty="100.000%" />
 </Power_Net>
 <Power_Net name="v0_sr_not0000">
  <Power_Activity freq="0.503958Mhz" src="Simulation" duty="100.000%" />
 </Power_Net>
  <!-- Nets -->
 <Power_Net name="BC_TACH0_CTR_LO_rstb">
  <Power_Activity freq="0.503958Mhz" src="Simulation" duty="0.000%" />
 </Power_Net>
 <Power_Net name="BC_TACH0_LOCK_OUT_rstb">
  <Power_Activity freq="0.503958Mhz" src="Simulation" duty="0.000%" />
 </Power_Net>
 <Power_Net name="BC_TACH1_CTR_LO_rstb">
  <Power_Activity freq="0.503958Mhz" src="Simulation" duty="0.000%" />
 </Power_Net>
 <Power_Net name="BI_port0&lt;0&gt;">
  <Power_Activity freq="0.503958Mhz" src="Simulation" duty="99.000%" />
 </Power_Net>
 <Power_Net name="BI_port0&lt;1&gt;">
  <Power_Activity freq="0.503958Mhz" src="Simulation" duty="99.000%" />
 </Power_Net>
 <Power_Net name="BI_port0&lt;2&gt;">
  <Power_Activity freq="0.503958Mhz" src="Simulation" duty="99.000%" />
 </Power_Net>
 <Power_Net name="BI_port0&lt;3&gt;">
  <Power_Activity freq="0.503958Mhz" src="Simulation" duty="99.000%" />
 </Power_Net>
 <Power_Net name="BI_port0&lt;4&gt;">
  <Power_Activity freq="0.503958Mhz" src="Simulation" duty="99.000%" />
 </Power_Net>
 <Power_Net name="BI_port0&lt;5&gt;">
  <Power_Activity freq="0.503958Mhz" src="Simulation" duty="99.000%" />
 </Power_Net>
 <Power_Net name="BI_port0&lt;6&gt;">
  <Power_Activity freq="0.503958Mhz" src="Simulation" duty="99.000%" />
 </Power_Net>
 <Power_Net name="BI_port0&lt;7&gt;">
  <Power_Activity freq="0.503958Mhz" src="Simulation" duty="99.000%" />
 </Power_Net>
 <Power_Net name="B_CNTRL_BC_48VDC_0_not0000">
  <Power_Activity freq="0.503958Mhz" src="Simulation" duty="100.000%" />
 </Power_Net>
 <Power_Net name="B_CNTRL_BC_48VDC_DC90_0_not0000">
  <Power_Activity freq="0.503958Mhz" src="Simulation" duty="100.000%" />
 </Power_Net>
 <Power_Net name="B_SMC_CNTRL_BC_SWITCHED_AC_0_not0000">
  <Power_Activity freq="0.503958Mhz" src="Simulation" duty="100.000%" />
 </Power_Net>
 <Power_Net name="GEN_FREQ_CTR_LO_rstb">
  <Power_Activity freq="0.503958Mhz" src="Simulation" duty="0.000%" />
 </Power_Net>
 <Power_Net name="GEN_FREQ_CTR_MID_rstb">
  <Power_Activity freq="0.503958Mhz" src="Simulation" duty="0.000%" />
 </Power_Net>
 <Power_Net name="GLOBAL_LOGIC0">
  <Power_Activity freq="0.503958Mhz" src="Simulation" duty="0.000%" />
 </Power_Net>
 <Power_Net name="GLOBAL_LOGIC1">
  <Power_Activity freq="0.503958Mhz" src="Simulation" duty="100.000%" />
 </Power_Net>
 <Power_Net name="I1_LO_rstb">
  <Power_Activity freq="0.503958Mhz" src="Simulation" duty="0.000%" />
 </Power_Net>
 <Power_Net name="I1_ctr/Mcount_ctr_reg_cy&lt;11&gt;">
  <Power_Activity freq="0.503958Mhz" src="Simulation" duty="0.000%" />
 </Power_Net>
 <Power_Net name="I1_ctr/Mcount_ctr_reg_cy&lt;13&gt;">
  <Power_Activity freq="0.503958Mhz" src="Simulation" duty="0.000%" />
 </Power_Net>
 <Power_Net name="I1_ctr/Mcount_ctr_reg_cy&lt;1&gt;">
  <Power_Activity freq="0.503958Mhz" src="Simulation" duty="0.000%" />
 </Power_Net>
 <Power_Net name="I1_ctr/Mcount_ctr_reg_cy&lt;3&gt;">
  <Power_Activity freq="0.503958Mhz" src="Simulation" duty="0.000%" />
 </Power_Net>
 <Power_Net name="I1_ctr/Mcount_ctr_reg_cy&lt;5&gt;">
  <Power_Activity freq="0.503958Mhz" src="Simulation" duty="0.000%" />
 </Power_Net>
 <Power_Net name="I1_ctr/Mcount_ctr_reg_cy&lt;7&gt;">
  <Power_Activity freq="0.503958Mhz" src="Simulation" duty="0.000%" />
 </Power_Net>
 <Power_Net name="I1_ctr/Mcount_ctr_reg_cy&lt;9&gt;">
  <Power_Activity freq="0.503958Mhz" src="Simulation" duty="0.000%" />
 </Power_Net>
 <Power_Net name="I1_ctr/ctr_reg&lt;0&gt;">
  <Power_Activity freq="0.503958Mhz" src="Simulation" duty="0.000%" />
 </Power_Net>
 <Power_Net name="I1_ctr/ctr_reg&lt;10&gt;">
  <Power_Activity freq="0.503958Mhz" src="Simulation" duty="0.000%" />
 </Power_Net>
 <Power_Net name="I1_ctr/ctr_reg&lt;11&gt;">
  <Power_Activity freq="0.503958Mhz" src="Simulation" duty="0.000%" />
 </Power_Net>
 <Power_Net name="I1_ctr/ctr_reg&lt;12&gt;">
  <Power_Activity freq="0.503958Mhz" src="Simulation" duty="0.000%" />
 </Power_Net>
 <Power_Net name="I1_ctr/ctr_reg&lt;13&gt;">
  <Power_Activity freq="0.503958Mhz" src="Simulation" duty="0.000%" />
 </Power_Net>
 <Power_Net name="I1_ctr/ctr_reg&lt;14&gt;">
  <Power_Activity freq="0.503958Mhz" src="Simulation" duty="0.000%" />
 </Power_Net>
 <Power_Net name="I1_ctr/ctr_reg&lt;15&gt;">
  <Power_Activity freq="0.503958Mhz" src="Simulation" duty="0.000%" />
 </Power_Net>
 <Power_Net name="I1_ctr/ctr_reg&lt;16&gt;">
  <Power_Activity freq="0.503958Mhz" src="Simulation" duty="0.000%" />
 </Power_Net>
 <Power_Net name="I1_ctr/ctr_reg&lt;1&gt;">
  <Power_Activity freq="0.503958Mhz" src="Simulation" duty="0.000%" />
 </Power_Net>
 <Power_Net name="I1_ctr/ctr_reg&lt;2&gt;">
  <Power_Activity freq="0.503958Mhz" src="Simulation" duty="0.000%" />
 </Power_Net>
 <Power_Net name="I1_ctr/ctr_reg&lt;3&gt;">
  <Power_Activity freq="0.503958Mhz" src="Simulation" duty="0.000%" />
 </Power_Net>
 <Power_Net name="I1_ctr/ctr_reg&lt;4&gt;">
  <Power_Activity freq="0.503958Mhz" src="Simulation" duty="0.000%" />
 </Power_Net>
 <Power_Net name="I1_ctr/ctr_reg&lt;5&gt;">
  <Power_Activity freq="0.503958Mhz" src="Simulation" duty="0.000%" />
 </Power_Net>
 <Power_Net name="I1_ctr/ctr_reg&lt;6&gt;">
  <Power_Activity freq="0.503958Mhz" src="Simulation" duty="0.000%" />
 </Power_Net>
 <Power_Net name="I1_ctr/ctr_reg&lt;7&gt;">
  <Power_Activity freq="0.503958Mhz" src="Simulation" duty="0.000%" />
 </Power_Net>
 <Power_Net name="I1_ctr/ctr_reg&lt;8&gt;">
  <Power_Activity freq="0.503958Mhz" src="Simulation" duty="0.000%" />
 </Power_Net>
 <Power_Net name="I1_ctr/ctr_reg&lt;9&gt;">
  <Power_Activity freq="0.503958Mhz" src="Simulation" duty="0.000%" />
 </Power_Net>
 <Power_Net name="I1_ctr/holding_reg&lt;10&gt;">
  <Power_Activity freq="0.503958Mhz" src="Simulation" duty="0.000%" />
 </Power_Net>
 <Power_Net name="I1_ctr/holding_reg&lt;11&gt;">
  <Power_Activity freq="0.503958Mhz" src="Simulation" duty="0.000%" />
 </Power_Net>
 <Power_Net name="I1_ctr/holding_reg&lt;12&gt;">
  <Power_Activity freq="0.503958Mhz" src="Simulation" duty="0.000%" />
 </Power_Net>
 <Power_Net name="I1_ctr/holding_reg&lt;13&gt;">
  <Power_Activity freq="0.503958Mhz" src="Simulation" duty="0.000%" />
 </Power_Net>
 <Power_Net name="I1_ctr/holding_reg&lt;14&gt;">
  <Power_Activity freq="0.503958Mhz" src="Simulation" duty="0.000%" />
 </Power_Net>
 <Power_Net name="I1_ctr/holding_reg&lt;15&gt;">
  <Power_Activity freq="0.503958Mhz" src="Simulation" duty="0.000%" />
 </Power_Net>
 <Power_Net name="I1_ctr/holding_reg&lt;16&gt;">
  <Power_Activity freq="0.503958Mhz" src="Simulation" duty="0.000%" />
 </Power_Net>
 <Power_Net name="I1_ctr/holding_reg&lt;1&gt;">
  <Power_Activity freq="0.503958Mhz" src="Simulation" duty="0.000%" />
 </Power_Net>
 <Power_Net name="I1_ctr/holding_reg&lt;2&gt;">
  <Power_Activity freq="0.503958Mhz" src="Simulation" duty="0.000%" />
 </Power_Net>
 <Power_Net name="I1_ctr/holding_reg&lt;3&gt;">
  <Power_Activity freq="0.503958Mhz" src="Simulation" duty="0.000%" />
 </Power_Net>
 <Power_Net name="I1_ctr/holding_reg&lt;4&gt;">
  <Power_Activity freq="0.503958Mhz" src="Simulation" duty="0.000%" />
 </Power_Net>
 <Power_Net name="I1_ctr/holding_reg&lt;5&gt;">
  <Power_Activity freq="0.503958Mhz" src="Simulation" duty="0.000%" />
 </Power_Net>
 <Power_Net name="I1_ctr/holding_reg&lt;6&gt;">
  <Power_Activity freq="0.503958Mhz" src="Simulation" duty="0.000%" />
 </Power_Net>
 <Power_Net name="I1_ctr/holding_reg&lt;7&gt;">
  <Power_Activity freq="0.503958Mhz" src="Simulation" duty="0.000%" />
 </Power_Net>
 <Power_Net name="I1_ctr/holding_reg&lt;8&gt;">
  <Power_Activity freq="0.503958Mhz" src="Simulation" duty="0.000%" />
 </Power_Net>
 <Power_Net name="I1_ctr/holding_reg&lt;9&gt;">
  <Power_Activity freq="0.503958Mhz" src="Simulation" duty="0.000%" />
 </Power_Net>
 <Power_Net name="I1_ctr/shft_reg&lt;0&gt;">
  <Power_Activity freq="1.007915Mhz" src="Simulation" duty="86.000%" />
 </Power_Net>
 <Power_Net name="I1_ctr/shft_reg&lt;1&gt;">
  <Power_Activity freq="1.007915Mhz" src="Simulation" duty="77.000%" />
 </Power_Net>
 <Power_Net name="I2_LO_rstb">
  <Power_Activity freq="0.503958Mhz" src="Simulation" duty="0.000%" />
 </Power_Net>
 <Power_Net name="I2_ctr/Mcount_ctr_reg_cy&lt;11&gt;">
  <Power_Activity freq="0.503958Mhz" src="Simulation" duty="0.000%" />
 </Power_Net>
 <Power_Net name="I2_ctr/Mcount_ctr_reg_cy&lt;13&gt;">
  <Power_Activity freq="0.503958Mhz" src="Simulation" duty="0.000%" />
 </Power_Net>
 <Power_Net name="I2_ctr/Mcount_ctr_reg_cy&lt;1&gt;">
  <Power_Activity freq="0.503958Mhz" src="Simulation" duty="0.000%" />
 </Power_Net>
 <Power_Net name="I2_ctr/Mcount_ctr_reg_cy&lt;3&gt;">
  <Power_Activity freq="0.503958Mhz" src="Simulation" duty="0.000%" />
 </Power_Net>
 <Power_Net name="I2_ctr/Mcount_ctr_reg_cy&lt;5&gt;">
  <Power_Activity freq="0.503958Mhz" src="Simulation" duty="0.000%" />
 </Power_Net>
 <Power_Net name="I2_ctr/Mcount_ctr_reg_cy&lt;7&gt;">
  <Power_Activity freq="0.503958Mhz" src="Simulation" duty="0.000%" />
 </Power_Net>
 <Power_Net name="I2_ctr/Mcount_ctr_reg_cy&lt;9&gt;">
  <Power_Activity freq="0.503958Mhz" src="Simulation" duty="0.000%" />
 </Power_Net>
 <Power_Net name="I2_ctr/ctr_reg&lt;0&gt;">
  <Power_Activity freq="0.503958Mhz" src="Simulation" duty="0.000%" />
 </Power_Net>
 <Power_Net name="I2_ctr/ctr_reg&lt;10&gt;">
  <Power_Activity freq="0.503958Mhz" src="Simulation" duty="0.000%" />
 </Power_Net>
 <Power_Net name="I2_ctr/ctr_reg&lt;11&gt;">
  <Power_Activity freq="0.503958Mhz" src="Simulation" duty="0.000%" />
 </Power_Net>
 <Power_Net name="I2_ctr/ctr_reg&lt;12&gt;">
  <Power_Activity freq="0.503958Mhz" src="Simulation" duty="0.000%" />
 </Power_Net>
 <Power_Net name="I2_ctr/ctr_reg&lt;13&gt;">
  <Power_Activity freq="0.503958Mhz" src="Simulation" duty="0.000%" />
 </Power_Net>
 <Power_Net name="I2_ctr/ctr_reg&lt;14&gt;">
  <Power_Activity freq="0.503958Mhz" src="Simulation" duty="0.000%" />
 </Power_Net>
 <Power_Net name="I2_ctr/ctr_reg&lt;15&gt;">
  <Power_Activity freq="0.503958Mhz" src="Simulation" duty="0.000%" />
 </Power_Net>
 <Power_Net name="I2_ctr/ctr_reg&lt;16&gt;">
  <Power_Activity freq="0.503958Mhz" src="Simulation" duty="0.000%" />
 </Power_Net>
 <Power_Net name="I2_ctr/ctr_reg&lt;1&gt;">
  <Power_Activity freq="0.503958Mhz" src="Simulation" duty="0.000%" />
 </Power_Net>
 <Power_Net name="I2_ctr/ctr_reg&lt;2&gt;">
  <Power_Activity freq="0.503958Mhz" src="Simulation" duty="0.000%" />
 </Power_Net>
 <Power_Net name="I2_ctr/ctr_reg&lt;3&gt;">
  <Power_Activity freq="0.503958Mhz" src="Simulation" duty="0.000%" />
 </Power_Net>
 <Power_Net name="I2_ctr/ctr_reg&lt;4&gt;">
  <Power_Activity freq="0.503958Mhz" src="Simulation" duty="0.000%" />
 </Power_Net>
 <Power_Net name="I2_ctr/ctr_reg&lt;5&gt;">
  <Power_Activity freq="0.503958Mhz" src="Simulation" duty="0.000%" />
 </Power_Net>
 <Power_Net name="I2_ctr/ctr_reg&lt;6&gt;">
  <Power_Activity freq="0.503958Mhz" src="Simulation" duty="0.000%" />
 </Power_Net>
 <Power_Net name="I2_ctr/ctr_reg&lt;7&gt;">
  <Power_Activity freq="0.503958Mhz" src="Simulation" duty="0.000%" />
 </Power_Net>
 <Power_Net name="I2_ctr/ctr_reg&lt;8&gt;">
  <Power_Activity freq="0.503958Mhz" src="Simulation" duty="0.000%" />
 </Power_Net>
 <Power_Net name="I2_ctr/ctr_reg&lt;9&gt;">
  <Power_Activity freq="0.503958Mhz" src="Simulation" duty="0.000%" />
 </Power_Net>
 <Power_Net name="I2_ctr/holding_reg&lt;10&gt;">
  <Power_Activity freq="0.503958Mhz" src="Simulation" duty="0.000%" />
 </Power_Net>
 <Power_Net name="I2_ctr/holding_reg&lt;11&gt;">
  <Power_Activity freq="0.503958Mhz" src="Simulation" duty="0.000%" />
 </Power_Net>
 <Power_Net name="I2_ctr/holding_reg&lt;12&gt;">
  <Power_Activity freq="0.503958Mhz" src="Simulation" duty="0.000%" />
 </Power_Net>
 <Power_Net name="I2_ctr/holding_reg&lt;13&gt;">
  <Power_Activity freq="0.503958Mhz" src="Simulation" duty="0.000%" />
 </Power_Net>
 <Power_Net name="I2_ctr/holding_reg&lt;14&gt;">
  <Power_Activity freq="0.503958Mhz" src="Simulation" duty="0.000%" />
 </Power_Net>
 <Power_Net name="I2_ctr/holding_reg&lt;15&gt;">
  <Power_Activity freq="0.503958Mhz" src="Simulation" duty="0.000%" />
 </Power_Net>
 <Power_Net name="I2_ctr/holding_reg&lt;16&gt;">
  <Power_Activity freq="0.503958Mhz" src="Simulation" duty="0.000%" />
 </Power_Net>
 <Power_Net name="I2_ctr/holding_reg&lt;1&gt;">
  <Power_Activity freq="0.503958Mhz" src="Simulation" duty="0.000%" />
 </Power_Net>
 <Power_Net name="I2_ctr/holding_reg&lt;2&gt;">
  <Power_Activity freq="0.503958Mhz" src="Simulation" duty="0.000%" />
 </Power_Net>
 <Power_Net name="I2_ctr/holding_reg&lt;3&gt;">
  <Power_Activity freq="0.503958Mhz" src="Simulation" duty="0.000%" />
 </Power_Net>
 <Power_Net name="I2_ctr/holding_reg&lt;4&gt;">
  <Power_Activity freq="0.503958Mhz" src="Simulation" duty="0.000%" />
 </Power_Net>
 <Power_Net name="I2_ctr/holding_reg&lt;5&gt;">
  <Power_Activity freq="0.503958Mhz" src="Simulation" duty="0.000%" />
 </Power_Net>
 <Power_Net name="I2_ctr/holding_reg&lt;6&gt;">
  <Power_Activity freq="0.503958Mhz" src="Simulation" duty="0.000%" />
 </Power_Net>
 <Power_Net name="I2_ctr/holding_reg&lt;7&gt;">
  <Power_Activity freq="0.503958Mhz" src="Simulation" duty="0.000%" />
 </Power_Net>
 <Power_Net name="I2_ctr/holding_reg&lt;8&gt;">
  <Power_Activity freq="0.503958Mhz" src="Simulation" duty="0.000%" />
 </Power_Net>
 <Power_Net name="I2_ctr/holding_reg&lt;9&gt;">
  <Power_Activity freq="0.503958Mhz" src="Simulation" duty="0.000%" />
 </Power_Net>
 <Power_Net name="I2_ctr/shft_reg&lt;0&gt;">
  <Power_Activity freq="1.007915Mhz" src="Simulation" duty="86.000%" />
 </Power_Net>
 <Power_Net name="I2_ctr/shft_reg&lt;1&gt;">
  <Power_Activity freq="1.007915Mhz" src="Simulation" duty="77.000%" />
 </Power_Net>
 <Power_Net name="ID_REV_rstb">
  <Power_Activity freq="0.503958Mhz" src="Simulation" duty="0.000%" />
 </Power_Net>
 <Power_Net name="IN_psen">
  <Power_Activity freq="0.503958Mhz" src="Simulation" duty="0.000%" />
 </Power_Net>
 <Power_Net name="IN_rd">
  <Power_Activity freq="0.503958Mhz" src="Simulation" duty="100.000%" />
 </Power_Net>
 <Power_Net name="IN_wr">
  <Power_Activity freq="0.503958Mhz" src="Simulation" duty="100.000%" />
 </Power_Net>
 <Power_Net name="I_I1_mon">
  <Power_Activity freq="0.503958Mhz" src="Simulation" duty="100.000%" />
 </Power_Net>
 <Power_Net name="I_I2_mon">
  <Power_Activity freq="0.503958Mhz" src="Simulation" duty="100.000%" />
 </Power_Net>
 <Power_Net name="I_SMC_MON_BC_AC_ON">
  <Power_Activity freq="0.503958Mhz" src="Simulation" duty="0.000%" />
 </Power_Net>
 <Power_Net name="I_SMC_MON_BC_AC_PWR_FAULT">
  <Power_Activity freq="0.503958Mhz" src="Simulation" duty="0.000%" />
 </Power_Net>
 <Power_Net name="I_SMC_MON_BC_FAN0_STATE">
  <Power_Activity freq="0.503958Mhz" src="Simulation" duty="0.000%" />
 </Power_Net>
 <Power_Net name="I_SMC_MON_BC_FAN0_TACH">
  <Power_Activity freq="0.503958Mhz" src="Simulation" duty="0.000%" />
 </Power_Net>
 <Power_Net name="I_SMC_MON_BC_FAN1_STATE">
  <Power_Activity freq="0.503958Mhz" src="Simulation" duty="0.000%" />
 </Power_Net>
 <Power_Net name="I_SMC_MON_BC_FAN1_TACH">
  <Power_Activity freq="0.503958Mhz" src="Simulation" duty="0.000%" />
 </Power_Net>
 <Power_Net name="I_SMC_MON_BC_OUTPUT_FAULT">
  <Power_Activity freq="0.503958Mhz" src="Simulation" duty="0.000%" />
 </Power_Net>
 <Power_Net name="I_SMC_MON_BC_OVR_TMP">
  <Power_Activity freq="0.503958Mhz" src="Simulation" duty="0.000%" />
 </Power_Net>
 <Power_Net name="I_SMC_MON_BC_PHASE_LOSS">
  <Power_Activity freq="0.503958Mhz" src="Simulation" duty="0.000%" />
 </Power_Net>
 <Power_Net name="I_SMC_MON_DC90_48V_ON">
  <Power_Activity freq="0.503958Mhz" src="Simulation" duty="0.000%" />
 </Power_Net>
 <Power_Net name="I_SMC_MON_DC90_AC_PWR_FAULT">
  <Power_Activity freq="0.503958Mhz" src="Simulation" duty="0.000%" />
 </Power_Net>
 <Power_Net name="I_SMC_MON_DC90_OUTPUT_FAULT">
  <Power_Activity freq="0.503958Mhz" src="Simulation" duty="0.000%" />
 </Power_Net>
 <Power_Net name="I_SMC_MON_DC90_OVR_TMP">
  <Power_Activity freq="0.503958Mhz" src="Simulation" duty="0.000%" />
 </Power_Net>
 <Power_Net name="I_SMC_MON_PDU_JAG_48V_GOOD">
  <Power_Activity freq="0.503958Mhz" src="Simulation" duty="0.000%" />
 </Power_Net>
 <Power_Net name="I_SMC_MON_PDU_JAG_THERMAL_FAULT">
  <Power_Activity freq="0.503958Mhz" src="Simulation" duty="0.000%" />
 </Power_Net>
 <Power_Net name="I_V0_mon">
  <Power_Activity freq="0.503958Mhz" src="Simulation" duty="100.000%" />
 </Power_Net>
 <Power_Net name="I_ale">
  <Power_Activity freq="0.503958Mhz" src="Simulation" duty="0.000%" />
 </Power_Net>
 <Power_Net name="I_clk">
  <Power_Activity freq="11.591024Mhz" src="Simulation" />
 </Power_Net>
 <Power_Net name="I_main_blower_mon">
  <Power_Activity freq="0.503958Mhz" src="Simulation" duty="100.000%" />
 </Power_Net>
 <Power_Net name="I_maint_mon">
  <Power_Activity freq="0.503958Mhz" src="Simulation" duty="100.000%" />
 </Power_Net>
 <Power_Net name="I_monitors&lt;0&gt;">
  <Power_Activity freq="0.503958Mhz" src="Simulation" duty="0.000%" />
 </Power_Net>
 <Power_Net name="I_monitors&lt;10&gt;">
  <Power_Activity freq="0.503958Mhz" src="Simulation" duty="0.000%" />
 </Power_Net>
 <Power_Net name="I_monitors&lt;1&gt;">
  <Power_Activity freq="0.503958Mhz" src="Simulation" duty="0.000%" />
 </Power_Net>
 <Power_Net name="I_monitors&lt;2&gt;">
  <Power_Activity freq="0.503958Mhz" src="Simulation" duty="0.000%" />
 </Power_Net>
 <Power_Net name="I_monitors&lt;3&gt;">
  <Power_Activity freq="0.503958Mhz" src="Simulation" duty="0.000%" />
 </Power_Net>
 <Power_Net name="I_monitors&lt;4&gt;">
  <Power_Activity freq="0.503958Mhz" src="Simulation" duty="0.000%" />
 </Power_Net>
 <Power_Net name="I_monitors&lt;5&gt;">
  <Power_Activity freq="0.503958Mhz" src="Simulation" duty="0.000%" />
 </Power_Net>
 <Power_Net name="I_monitors&lt;6&gt;">
  <Power_Activity freq="0.503958Mhz" src="Simulation" duty="0.000%" />
 </Power_Net>
 <Power_Net name="I_monitors&lt;7&gt;">
  <Power_Activity freq="0.503958Mhz" src="Simulation" duty="0.000%" />
 </Power_Net>
 <Power_Net name="I_monitors&lt;8&gt;">
  <Power_Activity freq="0.503958Mhz" src="Simulation" duty="0.000%" />
 </Power_Net>
 <Power_Net name="I_monitors&lt;9&gt;">
  <Power_Activity freq="0.503958Mhz" src="Simulation" duty="0.000%" />
 </Power_Net>
 <Power_Net name="I_port2&lt;0&gt;">
  <Power_Activity freq="0.503958Mhz" src="Simulation" duty="0.000%" />
 </Power_Net>
 <Power_Net name="I_port2&lt;1&gt;">
  <Power_Activity freq="0.503958Mhz" src="Simulation" duty="0.000%" />
 </Power_Net>
 <Power_Net name="I_port2&lt;2&gt;">
  <Power_Activity freq="0.503958Mhz" src="Simulation" duty="0.000%" />
 </Power_Net>
 <Power_Net name="I_port2&lt;3&gt;">
  <Power_Activity freq="0.503958Mhz" src="Simulation" duty="0.000%" />
 </Power_Net>
 <Power_Net name="I_port2&lt;4&gt;">
  <Power_Activity freq="0.503958Mhz" src="Simulation" duty="0.000%" />
 </Power_Net>
 <Power_Net name="I_port2&lt;5&gt;">
  <Power_Activity freq="0.503958Mhz" src="Simulation" duty="0.000%" />
 </Power_Net>
 <Power_Net name="I_port2&lt;6&gt;">
  <Power_Activity freq="0.503958Mhz" src="Simulation" duty="0.000%" />
 </Power_Net>
 <Power_Net name="I_port2&lt;7&gt;">
  <Power_Activity freq="0.503958Mhz" src="Simulation" duty="0.000%" />
 </Power_Net>
 <Power_Net name="I_reset_N">
  <Power_Activity freq="0.503958Mhz" src="Simulation" duty="100.000%" />
 </Power_Net>
 <Power_Net name="MAINT_MON_rstb">
  <Power_Activity freq="0.503958Mhz" src="Simulation" duty="0.000%" />
 </Power_Net>
 <Power_Net name="MAIN_BLOWER_LO_rstb">
  <Power_Activity freq="0.503958Mhz" src="Simulation" duty="0.000%" />
 </Power_Net>
 <Power_Net name="MAIN_ctr/Mcount_ctr_reg_cy&lt;11&gt;">
  <Power_Activity freq="0.503958Mhz" src="Simulation" duty="0.000%" />
 </Power_Net>
 <Power_Net name="MAIN_ctr/Mcount_ctr_reg_cy&lt;13&gt;">
  <Power_Activity freq="0.503958Mhz" src="Simulation" duty="0.000%" />
 </Power_Net>
 <Power_Net name="MAIN_ctr/Mcount_ctr_reg_cy&lt;15&gt;">
  <Power_Activity freq="0.503958Mhz" src="Simulation" duty="0.000%" />
 </Power_Net>
 <Power_Net name="MAIN_ctr/Mcount_ctr_reg_cy&lt;17&gt;">
  <Power_Activity freq="0.503958Mhz" src="Simulation" duty="0.000%" />
 </Power_Net>
 <Power_Net name="MAIN_ctr/Mcount_ctr_reg_cy&lt;19&gt;">
  <Power_Activity freq="0.503958Mhz" src="Simulation" duty="0.000%" />
 </Power_Net>
 <Power_Net name="MAIN_ctr/Mcount_ctr_reg_cy&lt;1&gt;">
  <Power_Activity freq="0.503958Mhz" src="Simulation" duty="0.000%" />
 </Power_Net>
 <Power_Net name="MAIN_ctr/Mcount_ctr_reg_cy&lt;3&gt;">
  <Power_Activity freq="0.503958Mhz" src="Simulation" duty="0.000%" />
 </Power_Net>
 <Power_Net name="MAIN_ctr/Mcount_ctr_reg_cy&lt;5&gt;">
  <Power_Activity freq="0.503958Mhz" src="Simulation" duty="0.000%" />
 </Power_Net>
 <Power_Net name="MAIN_ctr/Mcount_ctr_reg_cy&lt;7&gt;">
  <Power_Activity freq="0.503958Mhz" src="Simulation" duty="0.000%" />
 </Power_Net>
 <Power_Net name="MAIN_ctr/Mcount_ctr_reg_cy&lt;9&gt;">
  <Power_Activity freq="0.503958Mhz" src="Simulation" duty="0.000%" />
 </Power_Net>
 <Power_Net name="MAIN_ctr/ctr_reg&lt;0&gt;">
  <Power_Activity freq="0.503958Mhz" src="Simulation" duty="0.000%" />
 </Power_Net>
 <Power_Net name="MAIN_ctr/ctr_reg&lt;10&gt;">
  <Power_Activity freq="0.503958Mhz" src="Simulation" duty="0.000%" />
 </Power_Net>
 <Power_Net name="MAIN_ctr/ctr_reg&lt;11&gt;">
  <Power_Activity freq="0.503958Mhz" src="Simulation" duty="0.000%" />
 </Power_Net>
 <Power_Net name="MAIN_ctr/ctr_reg&lt;12&gt;">
  <Power_Activity freq="0.503958Mhz" src="Simulation" duty="0.000%" />
 </Power_Net>
 <Power_Net name="MAIN_ctr/ctr_reg&lt;13&gt;">
  <Power_Activity freq="0.503958Mhz" src="Simulation" duty="0.000%" />
 </Power_Net>
 <Power_Net name="MAIN_ctr/ctr_reg&lt;14&gt;">
  <Power_Activity freq="0.503958Mhz" src="Simulation" duty="0.000%" />
 </Power_Net>
 <Power_Net name="MAIN_ctr/ctr_reg&lt;15&gt;">
  <Power_Activity freq="0.503958Mhz" src="Simulation" duty="0.000%" />
 </Power_Net>
 <Power_Net name="MAIN_ctr/ctr_reg&lt;16&gt;">
  <Power_Activity freq="0.503958Mhz" src="Simulation" duty="0.000%" />
 </Power_Net>
 <Power_Net name="MAIN_ctr/ctr_reg&lt;17&gt;">
  <Power_Activity freq="0.503958Mhz" src="Simulation" duty="0.000%" />
 </Power_Net>
 <Power_Net name="MAIN_ctr/ctr_reg&lt;18&gt;">
  <Power_Activity freq="0.503958Mhz" src="Simulation" duty="0.000%" />
 </Power_Net>
 <Power_Net name="MAIN_ctr/ctr_reg&lt;19&gt;">
  <Power_Activity freq="0.503958Mhz" src="Simulation" duty="0.000%" />
 </Power_Net>
 <Power_Net name="MAIN_ctr/ctr_reg&lt;1&gt;">
  <Power_Activity freq="0.503958Mhz" src="Simulation" duty="0.000%" />
 </Power_Net>
 <Power_Net name="MAIN_ctr/ctr_reg&lt;20&gt;">
  <Power_Activity freq="0.503958Mhz" src="Simulation" duty="0.000%" />
 </Power_Net>
 <Power_Net name="MAIN_ctr/ctr_reg&lt;21&gt;">
  <Power_Activity freq="0.503958Mhz" src="Simulation" duty="0.000%" />
 </Power_Net>
 <Power_Net name="MAIN_ctr/ctr_reg&lt;22&gt;">
  <Power_Activity freq="0.503958Mhz" src="Simulation" duty="0.000%" />
 </Power_Net>
 <Power_Net name="MAIN_ctr/ctr_reg&lt;2&gt;">
  <Power_Activity freq="0.503958Mhz" src="Simulation" duty="0.000%" />
 </Power_Net>
 <Power_Net name="MAIN_ctr/ctr_reg&lt;3&gt;">
  <Power_Activity freq="0.503958Mhz" src="Simulation" duty="0.000%" />
 </Power_Net>
 <Power_Net name="MAIN_ctr/ctr_reg&lt;4&gt;">
  <Power_Activity freq="0.503958Mhz" src="Simulation" duty="0.000%" />
 </Power_Net>
 <Power_Net name="MAIN_ctr/ctr_reg&lt;5&gt;">
  <Power_Activity freq="0.503958Mhz" src="Simulation" duty="0.000%" />
 </Power_Net>
 <Power_Net name="MAIN_ctr/ctr_reg&lt;6&gt;">
  <Power_Activity freq="0.503958Mhz" src="Simulation" duty="0.000%" />
 </Power_Net>
 <Power_Net name="MAIN_ctr/ctr_reg&lt;7&gt;">
  <Power_Activity freq="0.503958Mhz" src="Simulation" duty="0.000%" />
 </Power_Net>
 <Power_Net name="MAIN_ctr/ctr_reg&lt;8&gt;">
  <Power_Activity freq="0.503958Mhz" src="Simulation" duty="0.000%" />
 </Power_Net>
 <Power_Net name="MAIN_ctr/ctr_reg&lt;9&gt;">
  <Power_Activity freq="0.503958Mhz" src="Simulation" duty="0.000%" />
 </Power_Net>
 <Power_Net name="MAIN_ctr/holding_reg&lt;10&gt;">
  <Power_Activity freq="0.503958Mhz" src="Simulation" duty="0.000%" />
 </Power_Net>
 <Power_Net name="MAIN_ctr/holding_reg&lt;11&gt;">
  <Power_Activity freq="0.503958Mhz" src="Simulation" duty="0.000%" />
 </Power_Net>
 <Power_Net name="MAIN_ctr/holding_reg&lt;12&gt;">
  <Power_Activity freq="0.503958Mhz" src="Simulation" duty="0.000%" />
 </Power_Net>
 <Power_Net name="MAIN_ctr/holding_reg&lt;13&gt;">
  <Power_Activity freq="0.503958Mhz" src="Simulation" duty="0.000%" />
 </Power_Net>
 <Power_Net name="MAIN_ctr/holding_reg&lt;14&gt;">
  <Power_Activity freq="0.503958Mhz" src="Simulation" duty="0.000%" />
 </Power_Net>
 <Power_Net name="MAIN_ctr/holding_reg&lt;15&gt;">
  <Power_Activity freq="0.503958Mhz" src="Simulation" duty="0.000%" />
 </Power_Net>
 <Power_Net name="MAIN_ctr/holding_reg&lt;16&gt;">
  <Power_Activity freq="0.503958Mhz" src="Simulation" duty="0.000%" />
 </Power_Net>
 <Power_Net name="MAIN_ctr/holding_reg&lt;17&gt;">
  <Power_Activity freq="0.503958Mhz" src="Simulation" duty="0.000%" />
 </Power_Net>
 <Power_Net name="MAIN_ctr/holding_reg&lt;18&gt;">
  <Power_Activity freq="0.503958Mhz" src="Simulation" duty="0.000%" />
 </Power_Net>
 <Power_Net name="MAIN_ctr/holding_reg&lt;19&gt;">
  <Power_Activity freq="0.503958Mhz" src="Simulation" duty="0.000%" />
 </Power_Net>
 <Power_Net name="MAIN_ctr/holding_reg&lt;20&gt;">
  <Power_Activity freq="0.503958Mhz" src="Simulation" duty="0.000%" />
 </Power_Net>
 <Power_Net name="MAIN_ctr/holding_reg&lt;21&gt;">
  <Power_Activity freq="0.503958Mhz" src="Simulation" duty="0.000%" />
 </Power_Net>
 <Power_Net name="MAIN_ctr/holding_reg&lt;22&gt;">
  <Power_Activity freq="0.503958Mhz" src="Simulation" duty="0.000%" />
 </Power_Net>
 <Power_Net name="MAIN_ctr/holding_reg&lt;7&gt;">
  <Power_Activity freq="0.503958Mhz" src="Simulation" duty="0.000%" />
 </Power_Net>
 <Power_Net name="MAIN_ctr/holding_reg&lt;8&gt;">
  <Power_Activity freq="0.503958Mhz" src="Simulation" duty="0.000%" />
 </Power_Net>
 <Power_Net name="MAIN_ctr/holding_reg&lt;9&gt;">
  <Power_Activity freq="0.503958Mhz" src="Simulation" duty="0.000%" />
 </Power_Net>
 <Power_Net name="MAIN_ctr/shft_reg&lt;0&gt;">
  <Power_Activity freq="1.007915Mhz" src="Simulation" duty="86.000%" />
 </Power_Net>
 <Power_Net name="MAIN_ctr/shft_reg&lt;1&gt;">
  <Power_Activity freq="1.007915Mhz" src="Simulation" duty="77.000%" />
 </Power_Net>
 <Power_Net name="Mcount_freq_div_ctr_cy&lt;1&gt;">
  <Power_Activity freq="5.543533Mhz" src="Simulation" duty="18.000%" />
 </Power_Net>
 <Power_Net name="Mcount_freq_div_ctr_cy&lt;3&gt;">
  <Power_Activity freq="0.503958Mhz" src="Simulation" duty="0.000%" />
 </Power_Net>
 <Power_Net name="Mcount_freq_div_ctr_cy&lt;5&gt;">
  <Power_Activity freq="0.503958Mhz" src="Simulation" duty="0.000%" />
 </Power_Net>
 <Power_Net name="Mmux__COND_2_5_f6">
  <Power_Activity freq="0.503958Mhz" src="Simulation" duty="0.000%" />
 </Power_Net>
 <Power_Net name="Mmux__COND_2_6_f5">
  <Power_Activity freq="0.503958Mhz" src="Simulation" duty="0.000%" />
 </Power_Net>
 <Power_Net name="Mmux__COND_2_7_f5">
  <Power_Activity freq="0.503958Mhz" src="Simulation" duty="0.000%" />
 </Power_Net>
 <Power_Net name="N101">
  <Power_Activity freq="0.503958Mhz" src="Simulation" duty="0.000%" />
 </Power_Net>
 <Power_Net name="N1463">
  <Power_Activity freq="0.503958Mhz" src="Simulation" duty="99.000%" />
 </Power_Net>
 <Power_Net name="N1464">
  <Power_Activity freq="0.503958Mhz" src="Simulation" duty="99.000%" />
 </Power_Net>
 <Power_Net name="N1475">
  <Power_Activity freq="0.503958Mhz" src="Simulation" duty="100.000%" />
 </Power_Net>
 <Power_Net name="N1543">
  <Power_Activity freq="0.503958Mhz" src="Simulation" duty="0.000%" />
 </Power_Net>
 <Power_Net name="N1652">
  <Power_Activity freq="0.503958Mhz" src="Simulation" duty="100.000%" />
 </Power_Net>
 <Power_Net name="N1653">
  <Power_Activity freq="0.503958Mhz" src="Simulation" duty="100.000%" />
 </Power_Net>
 <Power_Net name="N1655">
  <Power_Activity freq="0.503958Mhz" src="Simulation" duty="100.000%" />
 </Power_Net>
 <Power_Net name="N1656">
  <Power_Activity freq="0.503958Mhz" src="Simulation" duty="100.000%" />
 </Power_Net>
 <Power_Net name="N1658">
  <Power_Activity freq="0.503958Mhz" src="Simulation" duty="0.000%" />
 </Power_Net>
 <Power_Net name="N1659">
  <Power_Activity freq="0.503958Mhz" src="Simulation" duty="0.000%" />
 </Power_Net>
 <Power_Net name="N1661">
  <Power_Activity freq="0.503958Mhz" src="Simulation" duty="0.000%" />
 </Power_Net>
 <Power_Net name="N1663">
  <Power_Activity freq="0.503958Mhz" src="Simulation" duty="0.000%" />
 </Power_Net>
 <Power_Net name="N1665">
  <Power_Activity freq="0.503958Mhz" src="Simulation" duty="100.000%" />
 </Power_Net>
 <Power_Net name="N1667">
  <Power_Activity freq="0.503958Mhz" src="Simulation" duty="100.000%" />
 </Power_Net>
 <Power_Net name="N1671">
  <Power_Activity freq="0.503958Mhz" src="Simulation" duty="0.000%" />
 </Power_Net>
 <Power_Net name="N1673">
  <Power_Activity freq="0.503958Mhz" src="Simulation" duty="0.000%" />
 </Power_Net>
 <Power_Net name="N1675">
  <Power_Activity freq="0.503958Mhz" src="Simulation" duty="0.000%" />
 </Power_Net>
 <Power_Net name="N1677">
  <Power_Activity freq="0.503958Mhz" src="Simulation" duty="0.000%" />
 </Power_Net>
 <Power_Net name="N1679">
  <Power_Activity freq="0.503958Mhz" src="Simulation" duty="0.000%" />
 </Power_Net>
 <Power_Net name="N1681">
  <Power_Activity freq="0.503958Mhz" src="Simulation" duty="0.000%" />
 </Power_Net>
 <Power_Net name="N1683">
  <Power_Activity freq="0.503958Mhz" src="Simulation" duty="0.000%" />
 </Power_Net>
 <Power_Net name="N1685">
  <Power_Activity freq="0.503958Mhz" src="Simulation" duty="0.000%" />
 </Power_Net>
 <Power_Net name="N1687">
  <Power_Activity freq="0.503958Mhz" src="Simulation" duty="100.000%" />
 </Power_Net>
 <Power_Net name="N1688">
  <Power_Activity freq="0.503958Mhz" src="Simulation" duty="100.000%" />
 </Power_Net>
 <Power_Net name="N1690">
  <Power_Activity freq="0.503958Mhz" src="Simulation" duty="100.000%" />
 </Power_Net>
 <Power_Net name="N1692">
  <Power_Activity freq="0.503958Mhz" src="Simulation" duty="0.000%" />
 </Power_Net>
 <Power_Net name="N1694">
  <Power_Activity freq="0.503958Mhz" src="Simulation" duty="0.000%" />
 </Power_Net>
 <Power_Net name="N1696">
  <Power_Activity freq="0.503958Mhz" src="Simulation" duty="0.000%" />
 </Power_Net>
 <Power_Net name="N1698">
  <Power_Activity freq="0.503958Mhz" src="Simulation" duty="0.000%" />
 </Power_Net>
 <Power_Net name="N1700">
  <Power_Activity freq="0.503958Mhz" src="Simulation" duty="0.000%" />
 </Power_Net>
 <Power_Net name="N1702">
  <Power_Activity freq="0.503958Mhz" src="Simulation" duty="100.000%" />
 </Power_Net>
 <Power_Net name="N723">
  <Power_Activity freq="2.015830Mhz" src="Simulation" duty="86.000%" />
 </Power_Net>
 <Power_Net name="N743">
  <Power_Activity freq="0.503958Mhz" src="Simulation" duty="100.000%" />
 </Power_Net>
 <Power_Net name="N747">
  <Power_Activity freq="0.503958Mhz" src="Simulation" duty="100.000%" />
 </Power_Net>
 <Power_Net name="OC_48v_on">
  <Power_Activity freq="0.503958Mhz" src="Simulation" duty="99.000%" />
 </Power_Net>
 <Power_Net name="OC_B_CNTRL_BC_48VDC">
  <Power_Activity freq="0.503958Mhz" src="Simulation" duty="99.000%" />
 </Power_Net>
 <Power_Net name="OC_B_CNTRL_BC_48VDC_DC90">
  <Power_Activity freq="0.503958Mhz" src="Simulation" duty="99.000%" />
 </Power_Net>
 <Power_Net name="OC_B_SMC_CNTRL_BC_SWITCHED_AC">
  <Power_Activity freq="0.503958Mhz" src="Simulation" duty="99.000%" />
 </Power_Net>
 <Power_Net name="OC_SMC_CNTRL_JAG_48VDC_ON">
  <Power_Activity freq="0.503958Mhz" src="Simulation" duty="99.000%" />
 </Power_Net>
 <Power_Net name="OC_SMC_CNTRL_JAG_SWITCHED_AC">
  <Power_Activity freq="0.503958Mhz" src="Simulation" duty="99.000%" />
 </Power_Net>
 <Power_Net name="OC_k1_on">
  <Power_Activity freq="0.503958Mhz" src="Simulation" duty="99.000%" />
 </Power_Net>
 <Power_Net name="SMC_MON_BC_AC_PWR_FAULT_rstb">
  <Power_Activity freq="0.503958Mhz" src="Simulation" duty="0.000%" />
 </Power_Net>
 <Power_Net name="SMC_MON_BC_FAN0_STATE_rstb">
  <Power_Activity freq="0.503958Mhz" src="Simulation" duty="0.000%" />
 </Power_Net>
 <Power_Net name="SMC_MON_DC90_48V_ON_rstb">
  <Power_Activity freq="0.503958Mhz" src="Simulation" duty="0.000%" />
 </Power_Net>
 <Power_Net name="V0_LO_rstb">
  <Power_Activity freq="0.503958Mhz" src="Simulation" duty="0.000%" />
 </Power_Net>
 <Power_Net name="V0_ctr/Mcount_ctr_reg_cy&lt;11&gt;">
  <Power_Activity freq="0.503958Mhz" src="Simulation" duty="0.000%" />
 </Power_Net>
 <Power_Net name="V0_ctr/Mcount_ctr_reg_cy&lt;13&gt;">
  <Power_Activity freq="0.503958Mhz" src="Simulation" duty="0.000%" />
 </Power_Net>
 <Power_Net name="V0_ctr/Mcount_ctr_reg_cy&lt;1&gt;">
  <Power_Activity freq="0.503958Mhz" src="Simulation" duty="0.000%" />
 </Power_Net>
 <Power_Net name="V0_ctr/Mcount_ctr_reg_cy&lt;3&gt;">
  <Power_Activity freq="0.503958Mhz" src="Simulation" duty="0.000%" />
 </Power_Net>
 <Power_Net name="V0_ctr/Mcount_ctr_reg_cy&lt;5&gt;">
  <Power_Activity freq="0.503958Mhz" src="Simulation" duty="0.000%" />
 </Power_Net>
 <Power_Net name="V0_ctr/Mcount_ctr_reg_cy&lt;7&gt;">
  <Power_Activity freq="0.503958Mhz" src="Simulation" duty="0.000%" />
 </Power_Net>
 <Power_Net name="V0_ctr/Mcount_ctr_reg_cy&lt;9&gt;">
  <Power_Activity freq="0.503958Mhz" src="Simulation" duty="0.000%" />
 </Power_Net>
 <Power_Net name="V0_ctr/ctr_reg&lt;0&gt;">
  <Power_Activity freq="0.503958Mhz" src="Simulation" duty="0.000%" />
 </Power_Net>
 <Power_Net name="V0_ctr/ctr_reg&lt;10&gt;">
  <Power_Activity freq="0.503958Mhz" src="Simulation" duty="0.000%" />
 </Power_Net>
 <Power_Net name="V0_ctr/ctr_reg&lt;11&gt;">
  <Power_Activity freq="0.503958Mhz" src="Simulation" duty="0.000%" />
 </Power_Net>
 <Power_Net name="V0_ctr/ctr_reg&lt;12&gt;">
  <Power_Activity freq="0.503958Mhz" src="Simulation" duty="0.000%" />
 </Power_Net>
 <Power_Net name="V0_ctr/ctr_reg&lt;13&gt;">
  <Power_Activity freq="0.503958Mhz" src="Simulation" duty="0.000%" />
 </Power_Net>
 <Power_Net name="V0_ctr/ctr_reg&lt;14&gt;">
  <Power_Activity freq="0.503958Mhz" src="Simulation" duty="0.000%" />
 </Power_Net>
 <Power_Net name="V0_ctr/ctr_reg&lt;15&gt;">
  <Power_Activity freq="0.503958Mhz" src="Simulation" duty="0.000%" />
 </Power_Net>
 <Power_Net name="V0_ctr/ctr_reg&lt;16&gt;">
  <Power_Activity freq="0.503958Mhz" src="Simulation" duty="0.000%" />
 </Power_Net>
 <Power_Net name="V0_ctr/ctr_reg&lt;1&gt;">
  <Power_Activity freq="0.503958Mhz" src="Simulation" duty="0.000%" />
 </Power_Net>
 <Power_Net name="V0_ctr/ctr_reg&lt;2&gt;">
  <Power_Activity freq="0.503958Mhz" src="Simulation" duty="0.000%" />
 </Power_Net>
 <Power_Net name="V0_ctr/ctr_reg&lt;3&gt;">
  <Power_Activity freq="0.503958Mhz" src="Simulation" duty="0.000%" />
 </Power_Net>
 <Power_Net name="V0_ctr/ctr_reg&lt;4&gt;">
  <Power_Activity freq="0.503958Mhz" src="Simulation" duty="0.000%" />
 </Power_Net>
 <Power_Net name="V0_ctr/ctr_reg&lt;5&gt;">
  <Power_Activity freq="0.503958Mhz" src="Simulation" duty="0.000%" />
 </Power_Net>
 <Power_Net name="V0_ctr/ctr_reg&lt;6&gt;">
  <Power_Activity freq="0.503958Mhz" src="Simulation" duty="0.000%" />
 </Power_Net>
 <Power_Net name="V0_ctr/ctr_reg&lt;7&gt;">
  <Power_Activity freq="0.503958Mhz" src="Simulation" duty="0.000%" />
 </Power_Net>
 <Power_Net name="V0_ctr/ctr_reg&lt;8&gt;">
  <Power_Activity freq="0.503958Mhz" src="Simulation" duty="0.000%" />
 </Power_Net>
 <Power_Net name="V0_ctr/ctr_reg&lt;9&gt;">
  <Power_Activity freq="0.503958Mhz" src="Simulation" duty="0.000%" />
 </Power_Net>
 <Power_Net name="V0_ctr/holding_reg&lt;10&gt;">
  <Power_Activity freq="0.503958Mhz" src="Simulation" duty="0.000%" />
 </Power_Net>
 <Power_Net name="V0_ctr/holding_reg&lt;11&gt;">
  <Power_Activity freq="0.503958Mhz" src="Simulation" duty="0.000%" />
 </Power_Net>
 <Power_Net name="V0_ctr/holding_reg&lt;12&gt;">
  <Power_Activity freq="0.503958Mhz" src="Simulation" duty="0.000%" />
 </Power_Net>
 <Power_Net name="V0_ctr/holding_reg&lt;13&gt;">
  <Power_Activity freq="0.503958Mhz" src="Simulation" duty="0.000%" />
 </Power_Net>
 <Power_Net name="V0_ctr/holding_reg&lt;14&gt;">
  <Power_Activity freq="0.503958Mhz" src="Simulation" duty="0.000%" />
 </Power_Net>
 <Power_Net name="V0_ctr/holding_reg&lt;15&gt;">
  <Power_Activity freq="0.503958Mhz" src="Simulation" duty="0.000%" />
 </Power_Net>
 <Power_Net name="V0_ctr/holding_reg&lt;16&gt;">
  <Power_Activity freq="0.503958Mhz" src="Simulation" duty="0.000%" />
 </Power_Net>
 <Power_Net name="V0_ctr/holding_reg&lt;1&gt;">
  <Power_Activity freq="0.503958Mhz" src="Simulation" duty="0.000%" />
 </Power_Net>
 <Power_Net name="V0_ctr/holding_reg&lt;2&gt;">
  <Power_Activity freq="0.503958Mhz" src="Simulation" duty="0.000%" />
 </Power_Net>
 <Power_Net name="V0_ctr/holding_reg&lt;3&gt;">
  <Power_Activity freq="0.503958Mhz" src="Simulation" duty="0.000%" />
 </Power_Net>
 <Power_Net name="V0_ctr/holding_reg&lt;4&gt;">
  <Power_Activity freq="0.503958Mhz" src="Simulation" duty="0.000%" />
 </Power_Net>
 <Power_Net name="V0_ctr/holding_reg&lt;5&gt;">
  <Power_Activity freq="0.503958Mhz" src="Simulation" duty="0.000%" />
 </Power_Net>
 <Power_Net name="V0_ctr/holding_reg&lt;6&gt;">
  <Power_Activity freq="0.503958Mhz" src="Simulation" duty="0.000%" />
 </Power_Net>
 <Power_Net name="V0_ctr/holding_reg&lt;7&gt;">
  <Power_Activity freq="0.503958Mhz" src="Simulation" duty="0.000%" />
 </Power_Net>
 <Power_Net name="V0_ctr/holding_reg&lt;8&gt;">
  <Power_Activity freq="0.503958Mhz" src="Simulation" duty="0.000%" />
 </Power_Net>
 <Power_Net name="V0_ctr/holding_reg&lt;9&gt;">
  <Power_Activity freq="0.503958Mhz" src="Simulation" duty="0.000%" />
 </Power_Net>
 <Power_Net name="V0_ctr/shft_reg&lt;0&gt;">
  <Power_Activity freq="1.007915Mhz" src="Simulation" duty="86.000%" />
 </Power_Net>
 <Power_Net name="V0_ctr/shft_reg&lt;1&gt;">
  <Power_Activity freq="1.007915Mhz" src="Simulation" duty="77.000%" />
 </Power_Net>
 <Power_Net name="_or0000">
  <Power_Activity freq="0.503958Mhz" src="Simulation" duty="0.000%" />
 </Power_Net>
 <Power_Net name="addr&lt;0&gt;">
  <Power_Activity freq="0.503958Mhz" src="Simulation" duty="0.000%" />
 </Power_Net>
 <Power_Net name="addr&lt;10&gt;">
  <Power_Activity freq="0.503958Mhz" src="Simulation" duty="0.000%" />
 </Power_Net>
 <Power_Net name="addr&lt;11&gt;">
  <Power_Activity freq="0.503958Mhz" src="Simulation" duty="0.000%" />
 </Power_Net>
 <Power_Net name="addr&lt;12&gt;">
  <Power_Activity freq="0.503958Mhz" src="Simulation" duty="0.000%" />
 </Power_Net>
 <Power_Net name="addr&lt;13&gt;">
  <Power_Activity freq="0.503958Mhz" src="Simulation" duty="0.000%" />
 </Power_Net>
 <Power_Net name="addr&lt;14&gt;">
  <Power_Activity freq="0.503958Mhz" src="Simulation" duty="0.000%" />
 </Power_Net>
 <Power_Net name="addr&lt;15&gt;">
  <Power_Activity freq="0.503958Mhz" src="Simulation" duty="0.000%" />
 </Power_Net>
 <Power_Net name="addr&lt;1&gt;">
  <Power_Activity freq="0.503958Mhz" src="Simulation" duty="0.000%" />
 </Power_Net>
 <Power_Net name="addr&lt;2&gt;">
  <Power_Activity freq="0.503958Mhz" src="Simulation" duty="0.000%" />
 </Power_Net>
 <Power_Net name="addr&lt;3&gt;">
  <Power_Activity freq="0.503958Mhz" src="Simulation" duty="0.000%" />
 </Power_Net>
 <Power_Net name="addr&lt;4&gt;">
  <Power_Activity freq="0.503958Mhz" src="Simulation" duty="0.000%" />
 </Power_Net>
 <Power_Net name="addr&lt;5&gt;">
  <Power_Activity freq="0.503958Mhz" src="Simulation" duty="0.000%" />
 </Power_Net>
 <Power_Net name="addr&lt;6&gt;">
  <Power_Activity freq="0.503958Mhz" src="Simulation" duty="0.000%" />
 </Power_Net>
 <Power_Net name="addr&lt;7&gt;">
  <Power_Activity freq="0.503958Mhz" src="Simulation" duty="0.000%" />
 </Power_Net>
 <Power_Net name="addr&lt;8&gt;">
  <Power_Activity freq="0.503958Mhz" src="Simulation" duty="0.000%" />
 </Power_Net>
 <Power_Net name="addr&lt;9&gt;">
  <Power_Activity freq="0.503958Mhz" src="Simulation" duty="0.000%" />
 </Power_Net>
 <Power_Net name="freq_div_ctr&lt;0&gt;">
  <Power_Activity freq="5.543533Mhz" src="Simulation" duty="45.000%" />
 </Power_Net>
 <Power_Net name="freq_div_ctr&lt;1&gt;">
  <Power_Activity freq="3.023745Mhz" src="Simulation" duty="41.000%" />
 </Power_Net>
 <Power_Net name="freq_div_ctr&lt;2&gt;">
  <Power_Activity freq="1.511873Mhz" src="Simulation" duty="36.000%" />
 </Power_Net>
 <Power_Net name="freq_div_ctr&lt;3&gt;">
  <Power_Activity freq="1.007915Mhz" src="Simulation" duty="23.000%" />
 </Power_Net>
 <Power_Net name="freq_div_ctr&lt;4&gt;">
  <Power_Activity freq="0.503958Mhz" src="Simulation" duty="0.000%" />
 </Power_Net>
 <Power_Net name="freq_div_ctr&lt;5&gt;">
  <Power_Activity freq="0.503958Mhz" src="Simulation" duty="0.000%" />
 </Power_Net>
 <Power_Net name="freq_div_ctr&lt;6&gt;">
  <Power_Activity freq="0.503958Mhz" src="Simulation" duty="0.000%" />
 </Power_Net>
 <Power_Net name="freq_div_ctr&lt;7&gt;">
  <Power_Activity freq="0.503958Mhz" src="Simulation" duty="0.000%" />
 </Power_Net>
 <Power_Net name="freq_div_ctr&lt;8&gt;">
  <Power_Activity freq="0.503958Mhz" src="Simulation" duty="0.000%" />
 </Power_Net>
 <Power_Net name="freq_div_ctr_not0001_inv">
  <Power_Activity freq="0.503958Mhz" src="Simulation" duty="100.000%" />
 </Power_Net>
 <Power_Net name="freq_div_ctr_not0001_inv2_map11">
  <Power_Activity freq="2.015830Mhz" src="Simulation" duty="14.000%" />
 </Power_Net>
 <Power_Net name="gen_freq_ctr/ctr_reg&lt;0&gt;">
  <Power_Activity freq="0.503958Mhz" src="Simulation" duty="0.000%" />
 </Power_Net>
 <Power_Net name="gen_freq_ctr/ctr_reg&lt;10&gt;">
  <Power_Activity freq="0.503958Mhz" src="Simulation" duty="0.000%" />
 </Power_Net>
 <Power_Net name="gen_freq_ctr/ctr_reg&lt;11&gt;">
  <Power_Activity freq="0.503958Mhz" src="Simulation" duty="0.000%" />
 </Power_Net>
 <Power_Net name="gen_freq_ctr/ctr_reg&lt;12&gt;">
  <Power_Activity freq="0.503958Mhz" src="Simulation" duty="0.000%" />
 </Power_Net>
 <Power_Net name="gen_freq_ctr/ctr_reg&lt;13&gt;">
  <Power_Activity freq="0.503958Mhz" src="Simulation" duty="0.000%" />
 </Power_Net>
 <Power_Net name="gen_freq_ctr/ctr_reg&lt;14&gt;">
  <Power_Activity freq="0.503958Mhz" src="Simulation" duty="0.000%" />
 </Power_Net>
 <Power_Net name="gen_freq_ctr/ctr_reg&lt;15&gt;">
  <Power_Activity freq="0.503958Mhz" src="Simulation" duty="0.000%" />
 </Power_Net>
 <Power_Net name="gen_freq_ctr/ctr_reg&lt;16&gt;">
  <Power_Activity freq="0.503958Mhz" src="Simulation" duty="0.000%" />
 </Power_Net>
 <Power_Net name="gen_freq_ctr/ctr_reg&lt;17&gt;">
  <Power_Activity freq="0.503958Mhz" src="Simulation" duty="0.000%" />
 </Power_Net>
 <Power_Net name="gen_freq_ctr/ctr_reg&lt;18&gt;">
  <Power_Activity freq="0.503958Mhz" src="Simulation" duty="0.000%" />
 </Power_Net>
 <Power_Net name="gen_freq_ctr/ctr_reg&lt;19&gt;">
  <Power_Activity freq="0.503958Mhz" src="Simulation" duty="0.000%" />
 </Power_Net>
 <Power_Net name="gen_freq_ctr/ctr_reg&lt;1&gt;">
  <Power_Activity freq="0.503958Mhz" src="Simulation" duty="0.000%" />
 </Power_Net>
 <Power_Net name="gen_freq_ctr/ctr_reg&lt;20&gt;">
  <Power_Activity freq="0.503958Mhz" src="Simulation" duty="0.000%" />
 </Power_Net>
 <Power_Net name="gen_freq_ctr/ctr_reg&lt;21&gt;">
  <Power_Activity freq="0.503958Mhz" src="Simulation" duty="0.000%" />
 </Power_Net>
 <Power_Net name="gen_freq_ctr/ctr_reg&lt;22&gt;">
  <Power_Activity freq="0.503958Mhz" src="Simulation" duty="0.000%" />
 </Power_Net>
 <Power_Net name="gen_freq_ctr/ctr_reg&lt;23&gt;">
  <Power_Activity freq="0.503958Mhz" src="Simulation" duty="0.000%" />
 </Power_Net>
 <Power_Net name="gen_freq_ctr/ctr_reg&lt;2&gt;">
  <Power_Activity freq="0.503958Mhz" src="Simulation" duty="0.000%" />
 </Power_Net>
 <Power_Net name="gen_freq_ctr/ctr_reg&lt;3&gt;">
  <Power_Activity freq="0.503958Mhz" src="Simulation" duty="0.000%" />
 </Power_Net>
 <Power_Net name="gen_freq_ctr/ctr_reg&lt;4&gt;">
  <Power_Activity freq="0.503958Mhz" src="Simulation" duty="0.000%" />
 </Power_Net>
 <Power_Net name="gen_freq_ctr/ctr_reg&lt;5&gt;">
  <Power_Activity freq="0.503958Mhz" src="Simulation" duty="0.000%" />
 </Power_Net>
 <Power_Net name="gen_freq_ctr/ctr_reg&lt;6&gt;">
  <Power_Activity freq="0.503958Mhz" src="Simulation" duty="0.000%" />
 </Power_Net>
 <Power_Net name="gen_freq_ctr/ctr_reg&lt;7&gt;">
  <Power_Activity freq="0.503958Mhz" src="Simulation" duty="0.000%" />
 </Power_Net>
 <Power_Net name="gen_freq_ctr/ctr_reg&lt;8&gt;">
  <Power_Activity freq="0.503958Mhz" src="Simulation" duty="0.000%" />
 </Power_Net>
 <Power_Net name="gen_freq_ctr/ctr_reg&lt;9&gt;">
  <Power_Activity freq="0.503958Mhz" src="Simulation" duty="0.000%" />
 </Power_Net>
 <Power_Net name="gen_freq_ctr/holding_reg&lt;0&gt;">
  <Power_Activity freq="0.503958Mhz" src="Simulation" duty="0.000%" />
 </Power_Net>
 <Power_Net name="gen_freq_ctr/holding_reg&lt;10&gt;">
  <Power_Activity freq="0.503958Mhz" src="Simulation" duty="0.000%" />
 </Power_Net>
 <Power_Net name="gen_freq_ctr/holding_reg&lt;11&gt;">
  <Power_Activity freq="0.503958Mhz" src="Simulation" duty="0.000%" />
 </Power_Net>
 <Power_Net name="gen_freq_ctr/holding_reg&lt;12&gt;">
  <Power_Activity freq="0.503958Mhz" src="Simulation" duty="0.000%" />
 </Power_Net>
 <Power_Net name="gen_freq_ctr/holding_reg&lt;13&gt;">
  <Power_Activity freq="0.503958Mhz" src="Simulation" duty="0.000%" />
 </Power_Net>
 <Power_Net name="gen_freq_ctr/holding_reg&lt;14&gt;">
  <Power_Activity freq="0.503958Mhz" src="Simulation" duty="0.000%" />
 </Power_Net>
 <Power_Net name="gen_freq_ctr/holding_reg&lt;15&gt;">
  <Power_Activity freq="0.503958Mhz" src="Simulation" duty="0.000%" />
 </Power_Net>
 <Power_Net name="gen_freq_ctr/holding_reg&lt;16&gt;">
  <Power_Activity freq="0.503958Mhz" src="Simulation" duty="0.000%" />
 </Power_Net>
 <Power_Net name="gen_freq_ctr/holding_reg&lt;17&gt;">
  <Power_Activity freq="0.503958Mhz" src="Simulation" duty="0.000%" />
 </Power_Net>
 <Power_Net name="gen_freq_ctr/holding_reg&lt;18&gt;">
  <Power_Activity freq="0.503958Mhz" src="Simulation" duty="0.000%" />
 </Power_Net>
 <Power_Net name="gen_freq_ctr/holding_reg&lt;19&gt;">
  <Power_Activity freq="0.503958Mhz" src="Simulation" duty="0.000%" />
 </Power_Net>
 <Power_Net name="gen_freq_ctr/holding_reg&lt;1&gt;">
  <Power_Activity freq="0.503958Mhz" src="Simulation" duty="0.000%" />
 </Power_Net>
 <Power_Net name="gen_freq_ctr/holding_reg&lt;20&gt;">
  <Power_Activity freq="0.503958Mhz" src="Simulation" duty="0.000%" />
 </Power_Net>
 <Power_Net name="gen_freq_ctr/holding_reg&lt;21&gt;">
  <Power_Activity freq="0.503958Mhz" src="Simulation" duty="0.000%" />
 </Power_Net>
 <Power_Net name="gen_freq_ctr/holding_reg&lt;22&gt;">
  <Power_Activity freq="0.503958Mhz" src="Simulation" duty="0.000%" />
 </Power_Net>
 <Power_Net name="gen_freq_ctr/holding_reg&lt;23&gt;">
  <Power_Activity freq="0.503958Mhz" src="Simulation" duty="0.000%" />
 </Power_Net>
 <Power_Net name="gen_freq_ctr/holding_reg&lt;2&gt;">
  <Power_Activity freq="0.503958Mhz" src="Simulation" duty="0.000%" />
 </Power_Net>
 <Power_Net name="gen_freq_ctr/holding_reg&lt;3&gt;">
  <Power_Activity freq="0.503958Mhz" src="Simulation" duty="0.000%" />
 </Power_Net>
 <Power_Net name="gen_freq_ctr/holding_reg&lt;4&gt;">
  <Power_Activity freq="0.503958Mhz" src="Simulation" duty="0.000%" />
 </Power_Net>
 <Power_Net name="gen_freq_ctr/holding_reg&lt;5&gt;">
  <Power_Activity freq="0.503958Mhz" src="Simulation" duty="0.000%" />
 </Power_Net>
 <Power_Net name="gen_freq_ctr/holding_reg&lt;6&gt;">
  <Power_Activity freq="0.503958Mhz" src="Simulation" duty="0.000%" />
 </Power_Net>
 <Power_Net name="gen_freq_ctr/holding_reg&lt;7&gt;">
  <Power_Activity freq="0.503958Mhz" src="Simulation" duty="0.000%" />
 </Power_Net>
 <Power_Net name="gen_freq_ctr/holding_reg&lt;8&gt;">
  <Power_Activity freq="0.503958Mhz" src="Simulation" duty="0.000%" />
 </Power_Net>
 <Power_Net name="gen_freq_ctr/holding_reg&lt;9&gt;">
  <Power_Activity freq="0.503958Mhz" src="Simulation" duty="0.000%" />
 </Power_Net>
 <Power_Net name="gen_freq_ctr/shft_reg&lt;0&gt;">
  <Power_Activity freq="1.007915Mhz" src="Simulation" duty="86.000%" />
 </Power_Net>
 <Power_Net name="gen_freq_ctr/shft_reg&lt;1&gt;">
  <Power_Activity freq="1.007915Mhz" src="Simulation" duty="77.000%" />
 </Power_Net>
 <Power_Net name="gen_freq_ctr_in_map15">
  <Power_Activity freq="0.503958Mhz" src="Simulation" duty="0.000%" />
 </Power_Net>
 <Power_Net name="gen_freq_ctr_in_map28">
  <Power_Activity freq="0.503958Mhz" src="Simulation" duty="100.000%" />
 </Power_Net>
 <Power_Net name="gen_freq_ctr_in_map29">
  <Power_Activity freq="0.503958Mhz" src="Simulation" duty="100.000%" />
 </Power_Net>
 <Power_Net name="gen_freq_ctr_in_map4">
  <Power_Activity freq="0.503958Mhz" src="Simulation" duty="0.000%" />
 </Power_Net>
 <Power_Net name="gen_freq_lock_out">
  <Power_Activity freq="0.503958Mhz" src="Simulation" duty="0.000%" />
 </Power_Net>
 <Power_Net name="i1_lock_out">
  <Power_Activity freq="0.503958Mhz" src="Simulation" duty="0.000%" />
 </Power_Net>
 <Power_Net name="i2_lock_out">
  <Power_Activity freq="0.503958Mhz" src="Simulation" duty="0.000%" />
 </Power_Net>
 <Power_Net name="idl_rdata&lt;0&gt;">
  <Power_Activity freq="0.503958Mhz" src="Simulation" duty="0.000%" />
 </Power_Net>
 <Power_Net name="idl_rdata&lt;1&gt;">
  <Power_Activity freq="0.503958Mhz" src="Simulation" duty="0.000%" />
 </Power_Net>
 <Power_Net name="idl_rdata&lt;2&gt;">
  <Power_Activity freq="0.503958Mhz" src="Simulation" duty="0.000%" />
 </Power_Net>
 <Power_Net name="idl_rdata&lt;3&gt;">
  <Power_Activity freq="0.503958Mhz" src="Simulation" duty="0.000%" />
 </Power_Net>
 <Power_Net name="idl_rdata&lt;4&gt;">
  <Power_Activity freq="0.503958Mhz" src="Simulation" duty="0.000%" />
 </Power_Net>
 <Power_Net name="idl_regs/AUX_0_CTL&lt;0&gt;">
  <Power_Activity freq="0.503958Mhz" src="Simulation" duty="0.000%" />
 </Power_Net>
 <Power_Net name="idl_regs/AUX_0_CTL&lt;1&gt;">
  <Power_Activity freq="0.503958Mhz" src="Simulation" duty="0.000%" />
 </Power_Net>
 <Power_Net name="idl_regs/AUX_1_CTL&lt;0&gt;">
  <Power_Activity freq="0.503958Mhz" src="Simulation" duty="0.000%" />
 </Power_Net>
 <Power_Net name="idl_regs/AUX_1_CTL&lt;1&gt;">
  <Power_Activity freq="0.503958Mhz" src="Simulation" duty="0.000%" />
 </Power_Net>
 <Power_Net name="idl_regs/AUX_2_CTL&lt;0&gt;">
  <Power_Activity freq="0.503958Mhz" src="Simulation" duty="0.000%" />
 </Power_Net>
 <Power_Net name="idl_regs/AUX_2_CTL&lt;1&gt;">
  <Power_Activity freq="0.503958Mhz" src="Simulation" duty="0.000%" />
 </Power_Net>
 <Power_Net name="idl_regs/AUX_3_CTL&lt;0&gt;">
  <Power_Activity freq="0.503958Mhz" src="Simulation" duty="0.000%" />
 </Power_Net>
 <Power_Net name="idl_regs/AUX_3_CTL&lt;1&gt;">
  <Power_Activity freq="0.503958Mhz" src="Simulation" duty="0.000%" />
 </Power_Net>
 <Power_Net name="idl_regs/AUX_FAN_CTL&lt;0&gt;">
  <Power_Activity freq="0.503958Mhz" src="Simulation" duty="0.000%" />
 </Power_Net>
 <Power_Net name="idl_regs/AUX_FAN_CTL&lt;1&gt;">
  <Power_Activity freq="0.503958Mhz" src="Simulation" duty="0.000%" />
 </Power_Net>
 <Power_Net name="idl_regs/GEN_FREQ_CTR_MUX&lt;0&gt;">
  <Power_Activity freq="0.503958Mhz" src="Simulation" duty="0.000%" />
 </Power_Net>
 <Power_Net name="idl_regs/GEN_FREQ_CTR_MUX&lt;1&gt;">
  <Power_Activity freq="0.503958Mhz" src="Simulation" duty="0.000%" />
 </Power_Net>
 <Power_Net name="idl_regs/GEN_FREQ_CTR_MUX&lt;2&gt;">
  <Power_Activity freq="0.503958Mhz" src="Simulation" duty="0.000%" />
 </Power_Net>
 <Power_Net name="idl_regs/GEN_FREQ_CTR_MUX&lt;3&gt;">
  <Power_Activity freq="0.503958Mhz" src="Simulation" duty="0.000%" />
 </Power_Net>
 <Power_Net name="idl_regs/GEN_FREQ_CTR_MUX&lt;4&gt;">
  <Power_Activity freq="0.503958Mhz" src="Simulation" duty="0.000%" />
 </Power_Net>
 <Power_Net name="main_lock_out">
  <Power_Activity freq="0.503958Mhz" src="Simulation" duty="0.000%" />
 </Power_Net>
 <Power_Net name="maint_mon/shft_reg&lt;0&gt;">
  <Power_Activity freq="1.007915Mhz" src="Simulation" duty="86.000%" />
 </Power_Net>
 <Power_Net name="maint_mon/shft_reg&lt;1&gt;">
  <Power_Activity freq="1.007915Mhz" src="Simulation" duty="77.000%" />
 </Power_Net>
 <Power_Net name="noalloc_rdata&lt;6&gt;">
  <Power_Activity freq="0.503958Mhz" src="Simulation" duty="0.000%" />
 </Power_Net>
 <Power_Net name="noalloc_rdata_or0001_map10">
  <Power_Activity freq="0.503958Mhz" src="Simulation" duty="0.000%" />
 </Power_Net>
 <Power_Net name="noalloc_rdata_or0001_map11">
  <Power_Activity freq="0.503958Mhz" src="Simulation" duty="0.000%" />
 </Power_Net>
 <Power_Net name="noalloc_rdata_or0001_map14">
  <Power_Activity freq="0.503958Mhz" src="Simulation" duty="0.000%" />
 </Power_Net>
 <Power_Net name="noalloc_rdata_or0001_map18">
  <Power_Activity freq="0.503958Mhz" src="Simulation" duty="0.000%" />
 </Power_Net>
 <Power_Net name="noalloc_rdata_or0001_map2">
  <Power_Activity freq="0.503958Mhz" src="Simulation" duty="0.000%" />
 </Power_Net>
 <Power_Net name="noalloc_rdata_or0001_map21">
  <Power_Activity freq="0.503958Mhz" src="Simulation" duty="0.000%" />
 </Power_Net>
 <Power_Net name="noalloc_rdata_or0001_map34">
  <Power_Activity freq="0.503958Mhz" src="Simulation" duty="0.000%" />
 </Power_Net>
 <Power_Net name="noalloc_rdata_or0001_map35">
  <Power_Activity freq="0.503958Mhz" src="Simulation" duty="0.000%" />
 </Power_Net>
 <Power_Net name="noalloc_rdata_or0001_map5">
  <Power_Activity freq="0.503958Mhz" src="Simulation" duty="0.000%" />
 </Power_Net>
 <Power_Net name="noalloc_rdata_or0001_map8">
  <Power_Activity freq="0.503958Mhz" src="Simulation" duty="0.000%" />
 </Power_Net>
 <Power_Net name="tach0_freq_ctr/ctl_shft_reg&lt;0&gt;">
  <Power_Activity freq="0.503958Mhz" src="Simulation" duty="0.000%" />
 </Power_Net>
 <Power_Net name="tach0_freq_ctr/ctl_shft_reg&lt;1&gt;">
  <Power_Activity freq="0.503958Mhz" src="Simulation" duty="0.000%" />
 </Power_Net>
 <Power_Net name="tach0_freq_ctr/ctr_reg&lt;0&gt;">
  <Power_Activity freq="0.503958Mhz" src="Simulation" duty="0.000%" />
 </Power_Net>
 <Power_Net name="tach0_freq_ctr/ctr_reg&lt;10&gt;">
  <Power_Activity freq="0.503958Mhz" src="Simulation" duty="0.000%" />
 </Power_Net>
 <Power_Net name="tach0_freq_ctr/ctr_reg&lt;11&gt;">
  <Power_Activity freq="0.503958Mhz" src="Simulation" duty="0.000%" />
 </Power_Net>
 <Power_Net name="tach0_freq_ctr/ctr_reg&lt;12&gt;">
  <Power_Activity freq="0.503958Mhz" src="Simulation" duty="0.000%" />
 </Power_Net>
 <Power_Net name="tach0_freq_ctr/ctr_reg&lt;13&gt;">
  <Power_Activity freq="0.503958Mhz" src="Simulation" duty="0.000%" />
 </Power_Net>
 <Power_Net name="tach0_freq_ctr/ctr_reg&lt;14&gt;">
  <Power_Activity freq="0.503958Mhz" src="Simulation" duty="0.000%" />
 </Power_Net>
 <Power_Net name="tach0_freq_ctr/ctr_reg&lt;15&gt;">
  <Power_Activity freq="0.503958Mhz" src="Simulation" duty="0.000%" />
 </Power_Net>
 <Power_Net name="tach0_freq_ctr/ctr_reg&lt;1&gt;">
  <Power_Activity freq="0.503958Mhz" src="Simulation" duty="0.000%" />
 </Power_Net>
 <Power_Net name="tach0_freq_ctr/ctr_reg&lt;2&gt;">
  <Power_Activity freq="0.503958Mhz" src="Simulation" duty="0.000%" />
 </Power_Net>
 <Power_Net name="tach0_freq_ctr/ctr_reg&lt;3&gt;">
  <Power_Activity freq="0.503958Mhz" src="Simulation" duty="0.000%" />
 </Power_Net>
 <Power_Net name="tach0_freq_ctr/ctr_reg&lt;4&gt;">
  <Power_Activity freq="0.503958Mhz" src="Simulation" duty="0.000%" />
 </Power_Net>
 <Power_Net name="tach0_freq_ctr/ctr_reg&lt;5&gt;">
  <Power_Activity freq="0.503958Mhz" src="Simulation" duty="0.000%" />
 </Power_Net>
 <Power_Net name="tach0_freq_ctr/ctr_reg&lt;6&gt;">
  <Power_Activity freq="0.503958Mhz" src="Simulation" duty="0.000%" />
 </Power_Net>
 <Power_Net name="tach0_freq_ctr/ctr_reg&lt;7&gt;">
  <Power_Activity freq="0.503958Mhz" src="Simulation" duty="0.000%" />
 </Power_Net>
 <Power_Net name="tach0_freq_ctr/ctr_reg&lt;8&gt;">
  <Power_Activity freq="0.503958Mhz" src="Simulation" duty="0.000%" />
 </Power_Net>
 <Power_Net name="tach0_freq_ctr/ctr_reg&lt;9&gt;">
  <Power_Activity freq="0.503958Mhz" src="Simulation" duty="0.000%" />
 </Power_Net>
 <Power_Net name="tach0_freq_ctr/holding_reg&lt;0&gt;">
  <Power_Activity freq="0.503958Mhz" src="Simulation" duty="0.000%" />
 </Power_Net>
 <Power_Net name="tach0_freq_ctr/holding_reg&lt;10&gt;">
  <Power_Activity freq="0.503958Mhz" src="Simulation" duty="0.000%" />
 </Power_Net>
 <Power_Net name="tach0_freq_ctr/holding_reg&lt;11&gt;">
  <Power_Activity freq="0.503958Mhz" src="Simulation" duty="0.000%" />
 </Power_Net>
 <Power_Net name="tach0_freq_ctr/holding_reg&lt;12&gt;">
  <Power_Activity freq="0.503958Mhz" src="Simulation" duty="0.000%" />
 </Power_Net>
 <Power_Net name="tach0_freq_ctr/holding_reg&lt;13&gt;">
  <Power_Activity freq="0.503958Mhz" src="Simulation" duty="0.000%" />
 </Power_Net>
 <Power_Net name="tach0_freq_ctr/holding_reg&lt;14&gt;">
  <Power_Activity freq="0.503958Mhz" src="Simulation" duty="0.000%" />
 </Power_Net>
 <Power_Net name="tach0_freq_ctr/holding_reg&lt;15&gt;">
  <Power_Activity freq="0.503958Mhz" src="Simulation" duty="0.000%" />
 </Power_Net>
 <Power_Net name="tach0_freq_ctr/holding_reg&lt;1&gt;">
  <Power_Activity freq="0.503958Mhz" src="Simulation" duty="0.000%" />
 </Power_Net>
 <Power_Net name="tach0_freq_ctr/holding_reg&lt;2&gt;">
  <Power_Activity freq="0.503958Mhz" src="Simulation" duty="0.000%" />
 </Power_Net>
 <Power_Net name="tach0_freq_ctr/holding_reg&lt;3&gt;">
  <Power_Activity freq="0.503958Mhz" src="Simulation" duty="0.000%" />
 </Power_Net>
 <Power_Net name="tach0_freq_ctr/holding_reg&lt;4&gt;">
  <Power_Activity freq="0.503958Mhz" src="Simulation" duty="0.000%" />
 </Power_Net>
 <Power_Net name="tach0_freq_ctr/holding_reg&lt;5&gt;">
  <Power_Activity freq="0.503958Mhz" src="Simulation" duty="0.000%" />
 </Power_Net>
 <Power_Net name="tach0_freq_ctr/holding_reg&lt;6&gt;">
  <Power_Activity freq="0.503958Mhz" src="Simulation" duty="0.000%" />
 </Power_Net>
 <Power_Net name="tach0_freq_ctr/holding_reg&lt;7&gt;">
  <Power_Activity freq="0.503958Mhz" src="Simulation" duty="0.000%" />
 </Power_Net>
 <Power_Net name="tach0_freq_ctr/holding_reg&lt;8&gt;">
  <Power_Activity freq="0.503958Mhz" src="Simulation" duty="0.000%" />
 </Power_Net>
 <Power_Net name="tach0_freq_ctr/holding_reg&lt;9&gt;">
  <Power_Activity freq="0.503958Mhz" src="Simulation" duty="0.000%" />
 </Power_Net>
 <Power_Net name="tach0_freq_ctr/shft_reg&lt;0&gt;">
  <Power_Activity freq="0.503958Mhz" src="Simulation" duty="0.000%" />
 </Power_Net>
 <Power_Net name="tach0_freq_ctr/shft_reg&lt;1&gt;">
  <Power_Activity freq="0.503958Mhz" src="Simulation" duty="0.000%" />
 </Power_Net>
 <Power_Net name="tach0_lock_out">
  <Power_Activity freq="0.503958Mhz" src="Simulation" duty="0.000%" />
 </Power_Net>
 <Power_Net name="tach1_freq_ctr/ctl_shft_reg&lt;0&gt;">
  <Power_Activity freq="0.503958Mhz" src="Simulation" duty="0.000%" />
 </Power_Net>
 <Power_Net name="tach1_freq_ctr/ctl_shft_reg&lt;1&gt;">
  <Power_Activity freq="0.503958Mhz" src="Simulation" duty="0.000%" />
 </Power_Net>
 <Power_Net name="tach1_freq_ctr/ctr_reg&lt;0&gt;">
  <Power_Activity freq="0.503958Mhz" src="Simulation" duty="0.000%" />
 </Power_Net>
 <Power_Net name="tach1_freq_ctr/ctr_reg&lt;10&gt;">
  <Power_Activity freq="0.503958Mhz" src="Simulation" duty="0.000%" />
 </Power_Net>
 <Power_Net name="tach1_freq_ctr/ctr_reg&lt;11&gt;">
  <Power_Activity freq="0.503958Mhz" src="Simulation" duty="0.000%" />
 </Power_Net>
 <Power_Net name="tach1_freq_ctr/ctr_reg&lt;12&gt;">
  <Power_Activity freq="0.503958Mhz" src="Simulation" duty="0.000%" />
 </Power_Net>
 <Power_Net name="tach1_freq_ctr/ctr_reg&lt;13&gt;">
  <Power_Activity freq="0.503958Mhz" src="Simulation" duty="0.000%" />
 </Power_Net>
 <Power_Net name="tach1_freq_ctr/ctr_reg&lt;14&gt;">
  <Power_Activity freq="0.503958Mhz" src="Simulation" duty="0.000%" />
 </Power_Net>
 <Power_Net name="tach1_freq_ctr/ctr_reg&lt;15&gt;">
  <Power_Activity freq="0.503958Mhz" src="Simulation" duty="0.000%" />
 </Power_Net>
 <Power_Net name="tach1_freq_ctr/ctr_reg&lt;1&gt;">
  <Power_Activity freq="0.503958Mhz" src="Simulation" duty="0.000%" />
 </Power_Net>
 <Power_Net name="tach1_freq_ctr/ctr_reg&lt;2&gt;">
  <Power_Activity freq="0.503958Mhz" src="Simulation" duty="0.000%" />
 </Power_Net>
 <Power_Net name="tach1_freq_ctr/ctr_reg&lt;3&gt;">
  <Power_Activity freq="0.503958Mhz" src="Simulation" duty="0.000%" />
 </Power_Net>
 <Power_Net name="tach1_freq_ctr/ctr_reg&lt;4&gt;">
  <Power_Activity freq="0.503958Mhz" src="Simulation" duty="0.000%" />
 </Power_Net>
 <Power_Net name="tach1_freq_ctr/ctr_reg&lt;5&gt;">
  <Power_Activity freq="0.503958Mhz" src="Simulation" duty="0.000%" />
 </Power_Net>
 <Power_Net name="tach1_freq_ctr/ctr_reg&lt;6&gt;">
  <Power_Activity freq="0.503958Mhz" src="Simulation" duty="0.000%" />
 </Power_Net>
 <Power_Net name="tach1_freq_ctr/ctr_reg&lt;7&gt;">
  <Power_Activity freq="0.503958Mhz" src="Simulation" duty="0.000%" />
 </Power_Net>
 <Power_Net name="tach1_freq_ctr/ctr_reg&lt;8&gt;">
  <Power_Activity freq="0.503958Mhz" src="Simulation" duty="0.000%" />
 </Power_Net>
 <Power_Net name="tach1_freq_ctr/ctr_reg&lt;9&gt;">
  <Power_Activity freq="0.503958Mhz" src="Simulation" duty="0.000%" />
 </Power_Net>
 <Power_Net name="tach1_freq_ctr/holding_reg&lt;0&gt;">
  <Power_Activity freq="0.503958Mhz" src="Simulation" duty="0.000%" />
 </Power_Net>
 <Power_Net name="tach1_freq_ctr/holding_reg&lt;10&gt;">
  <Power_Activity freq="0.503958Mhz" src="Simulation" duty="0.000%" />
 </Power_Net>
 <Power_Net name="tach1_freq_ctr/holding_reg&lt;11&gt;">
  <Power_Activity freq="0.503958Mhz" src="Simulation" duty="0.000%" />
 </Power_Net>
 <Power_Net name="tach1_freq_ctr/holding_reg&lt;12&gt;">
  <Power_Activity freq="0.503958Mhz" src="Simulation" duty="0.000%" />
 </Power_Net>
 <Power_Net name="tach1_freq_ctr/holding_reg&lt;13&gt;">
  <Power_Activity freq="0.503958Mhz" src="Simulation" duty="0.000%" />
 </Power_Net>
 <Power_Net name="tach1_freq_ctr/holding_reg&lt;14&gt;">
  <Power_Activity freq="0.503958Mhz" src="Simulation" duty="0.000%" />
 </Power_Net>
 <Power_Net name="tach1_freq_ctr/holding_reg&lt;15&gt;">
  <Power_Activity freq="0.503958Mhz" src="Simulation" duty="0.000%" />
 </Power_Net>
 <Power_Net name="tach1_freq_ctr/holding_reg&lt;1&gt;">
  <Power_Activity freq="0.503958Mhz" src="Simulation" duty="0.000%" />
 </Power_Net>
 <Power_Net name="tach1_freq_ctr/holding_reg&lt;2&gt;">
  <Power_Activity freq="0.503958Mhz" src="Simulation" duty="0.000%" />
 </Power_Net>
 <Power_Net name="tach1_freq_ctr/holding_reg&lt;3&gt;">
  <Power_Activity freq="0.503958Mhz" src="Simulation" duty="0.000%" />
 </Power_Net>
 <Power_Net name="tach1_freq_ctr/holding_reg&lt;4&gt;">
  <Power_Activity freq="0.503958Mhz" src="Simulation" duty="0.000%" />
 </Power_Net>
 <Power_Net name="tach1_freq_ctr/holding_reg&lt;5&gt;">
  <Power_Activity freq="0.503958Mhz" src="Simulation" duty="0.000%" />
 </Power_Net>
 <Power_Net name="tach1_freq_ctr/holding_reg&lt;6&gt;">
  <Power_Activity freq="0.503958Mhz" src="Simulation" duty="0.000%" />
 </Power_Net>
 <Power_Net name="tach1_freq_ctr/holding_reg&lt;7&gt;">
  <Power_Activity freq="0.503958Mhz" src="Simulation" duty="0.000%" />
 </Power_Net>
 <Power_Net name="tach1_freq_ctr/holding_reg&lt;8&gt;">
  <Power_Activity freq="0.503958Mhz" src="Simulation" duty="0.000%" />
 </Power_Net>
 <Power_Net name="tach1_freq_ctr/holding_reg&lt;9&gt;">
  <Power_Activity freq="0.503958Mhz" src="Simulation" duty="0.000%" />
 </Power_Net>
 <Power_Net name="tach1_freq_ctr/shft_reg&lt;0&gt;">
  <Power_Activity freq="0.503958Mhz" src="Simulation" duty="0.000%" />
 </Power_Net>
 <Power_Net name="tach1_freq_ctr/shft_reg&lt;1&gt;">
  <Power_Activity freq="0.503958Mhz" src="Simulation" duty="0.000%" />
 </Power_Net>
 <Power_Net name="v0_lock_out">
  <Power_Activity freq="0.503958Mhz" src="Simulation" duty="0.000%" />
 </Power_Net>
 <Power_Net name="valid_read_inv">
  <Power_Activity freq="0.503958Mhz" src="Simulation" duty="100.000%" />
 </Power_Net>
 <Power_Net name="valid_read_inv_map3">
  <Power_Activity freq="0.503958Mhz" src="Simulation" duty="100.000%" />
 </Power_Net>
 <Power_Net name="wstb">
  <Power_Activity freq="0.503958Mhz" src="Simulation" duty="0.000%" />
 </Power_Net>
  <!-- External loads -->
</Power_Body>
</Power_Manager>
